symbol,mcap_cr,current_price
FERMENTA,1500.24,509.75
JAGSNPHARM,1503.19,228.0
DIGITIDE,1506.02,101.0
MMWL,1509.95,13.33
IGARASHI,1510.81,480.0
ONEPOINT,1510.83,57.46
CNL,1525.62,1015.95
PNBGILTS,1528.47,84.91
IVALUE,1533.1,280.0
WALCHANNAG,1534.25,226.15
SIGNPOST,1541.76,288.45
IKIO,1545.61,200.0
VOEPL,1558.59,478.6
OMAXE,1569.29,85.8
GTLINFRA,1575.56,1.23
VINYAS,1576.55,1252.75
NAVKARCORP,1579.7,104.95
ARFIN,1580.59,93.68
AURUM,1584.91,219.9
BLIL,1589.54,71.61
DSSL,1592.07,1249.95
DLINKINDIA,1595.23,449.3
FRONTSP,1595.51,1350.35
PAUSHAKLTD,1602.7,650.0
DANISH,1604.08,814.6
WENDT,1620.01,8100.05
ASIANTILES,1622.02,54.71
MOTISONS,1622.08,14.26
DOLPHIN,1627.59,406.85
GARUDA,1628.23,175.0
SOLARWORLD,1632.05,188.3
SUMMITSEC,1639.95,1504.3
WEL,1641.6,122.5
SHANTIGOLD,1641.63,227.7
ASALCBR,1642.07,817.8
VIDHIING,1643.69,329.1
MAHASTEEL,1645.49,1001.25
NITTAGELA,1654.88,1822.55
5PAISA,1654.95,353.0
INFOBEAN,1655.84,170.75
MOBIKWIK,1658.81,210.65
DELTACORP,1662.32,62.08
MVKAGRO,1667.39,330.15
TARSONS,1676.26,315.05
IPL,1684.85,146.3
BLUSPRING,1692.42,113.25
OBSCP,1699.61,657.6
KRSNAA,1703.03,525.0
MTNL,1705.41,27.07
MCLOUD,1710.06,29.03
YATRA,1710.38,109.0
KOTIC,1715.6,158.82
HITECH,1724.39,84.9
SMCGLOBAL,1724.41,82.35
GOCOLORS,1726.2,328.2
SURYODAY,1726.67,162.45
SHALBY,1728.16,160.0
STUDDS,1743.16,442.95
ACCELYA,1745.17,1169.2
SPICEJET,1750.43,11.47
CEINSYS,1759.08,840.15
WINDLAS,1764.6,855.1
SPMLINFRA,1764.75,208.0
BFINVEST,1768.52,469.6
DISAQ,1777.77,12225.0
JAICORPLTD,1789.27,101.95
KRISHNADEF,1791.49,1198.5
JAYBARMARU,1793.71,165.7
PFS,1800.32,28.03
NUCLEUS,1806.05,686.05
GRANDOAK,1808.31,34.85
TBZ,1815.07,272.0
JINDRILL,1815.89,626.6
HINDWAREAP,1823.49,218.0
CAPACITE,1827.45,216.0
EIHAHOTELS,1833.57,300.9
GRMOVER,1844.17,89.0
VIKRAN,1863.67,72.26
MONOLITH,1865.38,858.2
SIMPLEXINF,1869.42,236.35
INSECTICID,1870.99,643.0
BCG,1888.77,9.36
HATHWAY,1908.17,10.78
MARSONS,1910.31,111.0
DYCL,1913.64,394.9
MSPL,1916.91,33.82
GOODYEAR,1922.54,833.35
INDSWFTLAB,1926.64,221.55
RICOAUTO,1934.79,143.0
SERVOTECH,1939.56,85.88
HGS,1953.85,420.0
VIDYAWIRES,1958.26,92.07
ALGOQUANT,1961.49,69.78
ANONDITA,1969.18,1088.75
SAKAR,1969.67,885.25
NGLFINE,1972.66,3192.0
SCILAL,1981.05,42.53
JGCHEM,1984.77,506.5
AWFIS,1990.17,278.1
ASIANENE,1992.83,409.65
MBEL,1997.9,349.6
GOCLCORP,2007.69,405.0
SBC,2011.9,42.25
DCXINDIA,2020.0,181.35
PRABHA,2024.97,147.91
INDOCO,2025.97,219.49
KODYTECH,2027.96,1418.8
SOMANYCERA,2028.29,494.55
TINNARUBR,2041.19,1133.0
CANTABIL,2053.73,245.55
GMBREW,2056.34,900.05
TIL,2057.15,256.85
INDIANHUME,2058.54,390.75
BAJEL,2062.3,178.25
STYLEBAAZA,2065.82,271.4
TCIEXP,2080.96,541.65
KCP,2082.98,161.57
TEAMLEASE,2087.64,1244.95
ARMANFIN,2093.81,1991.3
MUKANDLTD,2095.19,145.0
KPEL,2097.67,309.4
TIRUMALCHM,2100.63,174.25
BGRENERGY,2104.23,291.6
LAOPALA,2108.45,189.95
HONDAPOWER,2109.17,2080.05
VENKEYS,2112.26,1499.4
NDRAUTO,2114.28,888.9
ESAFSFB,2115.68,41.0
ALPEXSOLAR,2117.64,829.05
PARACABLES,2127.06,65.0
VENUSREM,2129.36,1593.0
SPANDANA,2136.19,264.95
AEROPLANE,2141.44,206.8
BHARATRAS,2142.46,1289.0
HESTERBIO,2147.14,2524.0
GEOJITFSL,2151.48,77.08
GANDHAR,2158.73,220.55
HPL,2160.5,336.0
HINDOILEXP,2168.79,164.0
NIBE,2170.09,1399.9
SHRINGARMS,2179.36,226.0
BFUTILITIE,2180.7,579.05
HMT,2184.11,61.42
VINCOFE,2185.33,150.0
RAMCOSYS,2186.44,581.75
JISLJALEQS,2196.03,30.13
MOLDTKPAC,2200.09,662.1
JAYKAY,2207.06,169.4
PENIND,2211.29,163.2
HUHTAMAKI,2215.44,293.35
ELCIDIN,2220.0,111000.0
EPACK,2222.88,231.0
EXICOM,2239.88,161.05
SANSTAR,2243.01,112.0
BRIGHOTEL,2248.66,59.2
ANANTAM,2251.13,103.5
PIXTRANS,2251.2,1651.65
SAGCEM,2273.79,173.96
SAKSOFT,2284.52,172.35
THEJO,2287.41,2108.7
TVSINVIT,2288.51,116.05
TAJGVK,2294.56,365.95
SHK,2297.79,166.0
APOLLOPIPE,2312.09,524.9
EMSLIMITED,2312.86,416.5
UEL,2321.78,174.05
BETA,2325.76,2231.9
LANDMARK,2334.48,563.0
NELCO,2339.05,1025.0
COSMOFIRST,2339.64,891.3
KNACK,2340.84,191.3
GNA,2347.24,546.75
ALEMBICLTD,2349.55,91.5
SIKA,2363.47,1114.8
TASTYBITE,2370.09,9236.5
REPCOHOME,2377.33,380.0
JNKINDIA,2383.91,426.05
ORIENTHOT,2386.98,133.65
ORISSAMINE,2391.84,3986.4
GREENPANEL,2399.2,195.65
PRAKASH,2399.7,134.0
KICL,2402.84,5498.5
RISHABH,2404.19,621.85
SIRCA,2412.84,424.85
SAIPARENT,2418.81,547.5
RAJESHEXPO,2421.13,82.0
DRAGARWQ,2427.29,5022.5
SILVERTUC,2437.29,192.2
VEEDOL,2438.4,1399.45
CAMLINFINE,2453.84,127.74
SOLARA,2463.87,515.6
INA,2467.93,111.95
TALBROAUTO,2482.71,402.2
SPAL,2494.03,992.1
KLBRENG-B,2497.62,446.0
AJMERA,2498.32,126.95
RHETAN,2506.18,31.45
VERANDA,2508.49,260.35
SUNDROP,2508.54,665.45
BOMDYEING,2519.73,122.0
RANEHOLDIN,2525.78,1768.75
GIPCL,2528.47,162.9
FISCHER,2532.98,38.7
EVEREADY,2533.15,348.5
ADVAIT,2533.74,2315.4
PROTEAN,2544.91,626.5
ELITECON,2546.41,15.93
NITCO,2552.41,106.1
RAJRATAN,2563.68,504.95
EPACKPEB,2566.09,255.0
PANACEABIO,2581.41,421.45
GLOBUSSPR,2588.15,890.0
RELINFRA,2593.17,63.46
ADOR,2609.72,1499.6
PARKHOTELS,2611.27,122.38
MANGLMCEM,2613.48,950.45
STOVEKRAFT,2628.72,794.0
MUFIN,2631.6,132.8
CONFIPET,2637.66,79.39
FMGOETZE,2638.81,474.35
IMAGICAA,2643.7,46.72
SATIN,2645.22,239.45
UFBL,2646.15,677.0
EASEMYTRIP,2649.79,6.65
INDNIPPON,2660.84,1176.25
GKENERGY,2668.06,131.55
UTKARSHBNK,2669.28,15.0
KPL,2669.9,2573.1
ARKADE,2673.55,144.0
NILKAMAL,2676.58,1793.95
CAPINVIT,2677.28,74.58
MARATHON,2677.54,397.0
MMFL,2693.63,557.9
JUBLCPL,2695.02,1778.6
GSPCROP,2695.06,579.35
VINDHYATEL,2705.06,2282.75
HUBTOWN,2708.15,190.58
PANAMAPET,2709.51,447.9
ARVSMART,2717.85,592.55
PATELENG,2720.45,27.42
AUTOAXLES,2721.61,1801.2
NXT-INFRA,2721.75,95.5
BNAGROCHEM,2727.87,279.0
ROADSTAR,2732.86,60.0
SIYSIL,2734.91,602.8
PARAGMILK,2737.66,217.95
MEDIASSIST,2741.19,366.95
NOCIL,2742.55,164.2
KIRIINDUS,2763.12,424.0
SUNCLAY,2763.71,1253.6
FLAIR,2766.1,262.45
RAMKY,2767.57,399.95
VIMTALABS,2770.81,620.05
ROSSARI,2772.76,500.55
HIKAL,2774.27,225.0
DDEVPLSTIK,2774.73,268.15
ZAGGLE,2778.58,206.65
BLSE,2797.02,307.85
ORIANA,2802.11,1379.05
TECHNVISN,2804.02,4465.0
DALMIASUG,2808.59,347.0
JINDALPOLY,2813.71,642.6
ORIENTCEM,2814.8,137.0
BOROLTD,2827.53,236.44
TCPLPACK,2830.1,3110.0
RAMCOIND,2834.51,326.4
NSIL,2837.28,5520.0
EFCIL,2856.84,193.1
SPORTKING,2872.46,226.05
DIAMONDYD,2881.58,1205.15
INDOTHAI,2882.59,217.0
POKARNA,2883.38,930.0
PRINCEPIPE,2885.64,261.0
AIMTRON,2889.55,1386.45
SASKEN,2889.75,1902.85
BBL,2898.86,2564.65
GATEWAY,2898.94,58.02
KITEX,2916.69,146.2
WINDMACHIN,2928.94,283.1
DCAL,2930.9,186.94
JTLIND,2934.46,76.81
BEPL,2942.76,118.25
NAVNETEDUL,2948.77,133.3
ANTELOPUS,2952.23,839.6
BALMLAWRIE,2958.37,173.0
HLEGLAS,2965.02,426.9
DIVGIITTS,2966.54,970.0
RPSGVENT,2972.16,898.3
VSSL,2988.07,309.0
NITINSPIN,2991.18,532.05
ELPROINTL,2999.78,177.0
TVSSRICHAK,3011.22,3931.1
ADFFOODS,3028.94,275.7
MAITHANALL,3039.24,1044.0
CARRARO,3054.35,537.25
BUILDPRO,3055.41,1260.0
CHEMPLASTS,3055.47,193.25
KKCL,3062.77,497.0
SANGAMIND,3064.54,609.9
INTERARCH,3085.43,1839.65
HERITGFOOD,3099.39,334.0
STALLION,3103.55,267.35
EUROPRATIK,3117.61,305.05
NPST,3150.5,1510.05
SHANTIGEAR,3162.99,412.3
RSYSTEMS,3172.05,267.7
MONARCH,3176.29,400.5
JASH,3188.44,504.55
DREDGECORP,3197.46,1141.95
MOREPENLAB,3209.91,58.58
GANECOS,3214.45,1199.6
APCOTEXIND,3243.68,625.65
ARSSBL,3247.6,514.95
RELTD,3256.21,164.0
RML,3261.04,1179.95
DPABHUSHAN,3267.82,1431.5
NIITMTS,3293.68,238.95
ANZEN,3298.77,129.0
SEIL,3301.95,205.09
MAYURUNIQ,3302.39,760.0
WONDERLA,3303.21,520.6
FILATEX,3307.35,74.48
STEELCAS,3309.24,327.0
UNIPARTS,3339.69,739.8
CARYSIL,3347.7,1177.0
XPROINDIA,3368.0,1435.0
GOPAL,3379.1,271.05
ROUTE,3400.59,539.75
ASHOKA,3402.37,121.2
KOLTEPATIL,3415.07,385.1
CRIZAC,3415.65,195.2
UFLEX,3422.82,474.0
KNRCON,3426.84,121.85
INDRAMEDCO,3441.4,375.4
FUSION,3447.1,213.2
WHEELS,3457.27,1415.0
VENUSPIPES,3459.59,1670.0
HEIDELBERG,3464.92,152.9
POLYPLEX,3469.81,1105.3
HGINFRA,3473.95,533.05
PITTIENG,3488.04,926.35
SANGHVIMOV,3502.43,404.55
SMSPHARMA,3504.46,374.2
NFL,3538.07,72.12
SAMBHV,3565.53,121.0
PREMEXPLN,3567.06,663.5
GRAUWEIL,3580.14,78.96
GREENPLY,3584.69,287.0
TURTLEMINT,3607.36,122.5
WELSPLSOL,3611.24,54.5
UNICHEMLAB,3614.63,513.4
DBCORP,3654.22,205.0
CMLL,3667.91,561.05
INDOTECH,3667.94,3453.8
ROSSTECH,3675.41,975.0
HARSHA,3682.73,404.5
TRUALT,3695.5,430.95
FOSECOIND,3704.98,4915.55
ELLEN,3712.95,263.45
MARINE,3722.52,266.0
WSTCSTPAPR,3731.83,565.0
ASHIKAG,3748.4,507.05
ORIENTELEC,3752.04,175.85
SPECTRUM,3754.04,2389.0
ADVENZYMES,3762.4,336.0
NOVARTIND,3767.07,1525.7
VSTIND,3770.06,221.95
SANDHAR,3772.75,626.8
SEAMECLTD,3787.56,1489.7
OSWALPUMPS,3788.95,332.35
SINDHUTRAD,3790.06,24.58
BOSCH-HCIL,3793.41,1395.15
BHAGCHEM,3799.31,293.0
JINDWORLD,3809.89,38.0
EMUDHRA,3812.65,460.4
GUJTHEM,3815.96,350.2
INDIQUBE,3815.96,180.0
ROLEXRINGS,3816.75,140.15
HEMIPROP,3840.38,134.75
VSTTILLERS,3857.83,4458.5
PSPPROJECT,3876.97,978.0
LUXIND,3879.24,1290.0
BAJAJELEC,3888.74,337.0
GMMPFAUDLR,3899.59,867.4
JTEKTINDIA,3902.97,140.7
SHAREINDIA,3904.94,178.45
GUFICBIO,3909.51,389.85
RAYMOND,3915.86,588.2
KSL,3917.87,897.5
EIEL,3927.48,223.75
SAMHI,3932.89,177.05
DATAMATICS,3942.69,667.05
KERNEX,3948.86,2350.0
DEEPINDS,3960.0,618.75
CAPILLARY,3965.12,498.2
DECNGOLD,3974.04,200.0
JKIL,3974.71,525.3
AGIIL,3975.54,318.05
TARC,3983.8,135.0
MANINDS,3992.76,532.3
ASHIANA,4003.4,398.25
NRBBEARING,4022.78,415.05
BAJAJHIND,4030.67,16.86
MAHLOG,4035.38,406.7
MANINFRA,4036.66,100.0
INDOSTAR,4039.81,250.0
AURIONPRO,4052.61,733.35
VISHNU,4056.08,602.55
POCL,4058.38,532.05
KDDL,4061.22,3302.0
VMARCIND,4069.71,277.75
MOSCHIP,4077.06,209.65
SEITINVIT,4082.4,126.0
GHCL,4097.51,445.7
AARTIDRUGS,4098.02,449.0
KSCL,4114.87,799.95
WAKEFIT,4156.55,125.45
SANATHAN,4173.78,494.5
AYE,4195.33,170.0
MUTHOOTMF,4201.78,246.45
REFEX,4238.02,308.85
SOTL,4243.89,619.0
RALLIS,4252.06,218.65
VIPIND,4255.16,299.55
RAMRAT,4266.06,457.0
COCKERILL,4268.99,8645.5
LASERPOWER,4269.31,304.15
WEBELSOLAR,4278.25,98.54
SHOPERSTOP,4293.61,389.6
MIDWESTLTD,4300.06,1189.15
RAYMONDLSL,4301.2,706.0
TATVA,4301.45,1838.85
RAYMONDREL,4327.3,650.0
KIRLOSIND,4340.37,4130.0
IOLCP,4342.74,147.95
BANARISUG,4357.92,3475.3
ANUP,4366.16,2179.65
MSTCLTD,4366.91,620.3
63MOONS,4372.62,948.95
CMSINFO,4373.4,265.05
STYRENIX,4376.65,2488.15
ELECTCAST,4377.36,70.81
AVANTEL,4385.55,165.05
SBCL,4400.68,763.95
RTNINDIA,4414.97,31.94
ZOTA,4430.55,1279.3
JUNIPER,4433.36,199.25
MHRIL,4438.16,219.65
SUNTECK,4463.99,304.0
VAIBHAVGBL,4468.3,267.0
NACLIND,4471.71,190.9
IDEAFORGE,4491.58,904.0
PACEDIGITK,4497.26,208.35
HAWKINCOOK,4522.69,8549.5
SWARAJENG,4529.41,3727.95
SGFIN,4537.86,688.65
NETWORK18,4541.19,29.45
DHANUKA,4546.99,1020.0
TEXRAIL,4550.78,111.85
NORTHARC,4582.0,283.45
AGI,4588.66,709.25
WPIL,4605.67,471.55
MPSLTD,4611.73,2696.0
RENUKA,4612.44,21.67
RPGLIFE,4614.39,2790.0
FCL,4623.07,39.7
VRLLOG,4652.45,265.95
EPIGRAL,4659.27,1080.0
RESPONIND,4665.65,175.0
RTNPOWER,4688.1,8.73
UNIVCABLES,4721.69,1360.9
SYMPHONY,4731.46,689.0
TFCILTD,4752.46,102.65
PILANIINVS,4764.28,4302.9
CMRGREEN,4767.74,217.65
HIRECT,4772.38,1345.9
RBA,4791.29,67.32
SWSOLAR,4792.27,205.2
ICRA,4800.86,4974.35
ARTEMISMED,4837.05,305.55
GVPIL,4840.04,719.95
TRIVENI,4865.61,220.8
BANSALWIRE,4919.77,314.25
LUMAXIND,4941.01,5284.5
BLISSGVS,4965.84,467.4
THOMASCOOK,4974.28,105.75
IRBINVIT,4974.28,62.89
GUJALKALI,4974.46,677.35
LGBBROSLTD,4976.33,1560.35
LXCHEM,4996.74,180.25
