timestamp,open,high,low,close,volume,oi
2026-02-26T09:15:00+05:30,94.0,95.0,93.0,93.18,322205,0
2026-02-26T09:30:00+05:30,93.18,93.25,92.75,92.81,438218,0
2026-02-26T09:45:00+05:30,92.81,92.83,92.75,92.75,143144,0
2026-02-26T10:00:00+05:30,92.75,94.5,92.75,94.48,80554,0
2026-02-26T10:15:00+05:30,94.49,94.95,94.0,94.73,32610,0
2026-02-26T10:30:00+05:30,94.73,94.78,93.75,94.39,34939,0
2026-02-26T10:45:00+05:30,94.49,94.85,94.0,94.85,36720,0
2026-02-26T11:00:00+05:30,94.8,96.0,94.8,95.8,67648,0
2026-02-26T11:15:00+05:30,95.8,96.7,95.8,96.05,24988,0
2026-02-26T11:30:00+05:30,96.15,96.35,95.0,95.0,24503,0
2026-02-26T11:45:00+05:30,95.09,95.09,94.31,94.7,23592,0
2026-02-26T12:00:00+05:30,94.5,94.79,94.11,94.4,37807,0
2026-02-26T12:15:00+05:30,94.3,94.95,94.3,94.66,17705,0
2026-02-26T12:30:00+05:30,94.68,95.5,94.66,95.4,32901,0
2026-02-26T12:45:00+05:30,95.4,97.0,95.26,96.0,26139,0
2026-02-26T13:00:00+05:30,95.7,95.7,95.0,95.1,28275,0
2026-02-26T13:15:00+05:30,95.14,96.0,95.14,95.25,14028,0
2026-02-26T13:30:00+05:30,95.3,95.5,95.0,95.47,36067,0
2026-02-26T13:45:00+05:30,95.06,95.97,95.05,95.1,14058,0
2026-02-26T14:00:00+05:30,95.1,95.25,94.7,94.7,13529,0
2026-02-26T14:15:00+05:30,94.7,94.76,94.0,94.01,17647,0
2026-02-26T14:30:00+05:30,94.01,94.5,94.0,94.2,39062,0
2026-02-26T14:45:00+05:30,94.39,94.5,94.0,94.23,16636,0
2026-02-26T15:00:00+05:30,94.23,94.25,93.95,94.1,28345,0
2026-02-26T15:15:00+05:30,94.1,94.18,93.13,94.18,65246,0
2026-02-27T09:15:00+05:30,93.5,94.0,91.2,93.0,114790,0
2026-02-27T09:30:00+05:30,92.91,93.1,92.4,93.0,87328,0
2026-02-27T09:45:00+05:30,93.0,93.0,92.0,92.52,47845,0
2026-02-27T10:00:00+05:30,92.84,92.9,91.7,92.66,40267,0
2026-02-27T10:15:00+05:30,91.88,92.39,90.12,90.99,74361,0
2026-02-27T10:30:00+05:30,90.99,91.0,90.1,90.5,74455,0
2026-02-27T10:45:00+05:30,90.5,91.0,90.2,90.85,59791,0
2026-02-27T11:00:00+05:30,90.85,90.85,90.1,90.69,41935,0
2026-02-27T11:15:00+05:30,90.61,90.7,90.2,90.61,25487,0
2026-02-27T11:30:00+05:30,90.61,90.61,90.1,90.23,34326,0
2026-02-27T11:45:00+05:30,90.2,90.5,90.0,90.47,118073,0
2026-02-27T12:00:00+05:30,90.47,90.8,90.0,90.79,63958,0
2026-02-27T12:15:00+05:30,90.79,90.8,89.7,90.0,53684,0
2026-02-27T12:30:00+05:30,90.0,91.0,89.7,90.57,136956,0
2026-02-27T12:45:00+05:30,90.55,90.55,89.9,90.5,11483,0
2026-02-27T13:00:00+05:30,90.5,90.5,90.1,90.25,13718,0
2026-02-27T13:15:00+05:30,90.4,90.4,90.1,90.4,18229,0
2026-02-27T13:30:00+05:30,90.4,90.9,90.1,90.9,40822,0
2026-02-27T13:45:00+05:30,90.9,90.9,90.73,90.9,26437,0
2026-02-27T14:00:00+05:30,90.89,91.0,90.3,90.99,43113,0
2026-02-27T14:15:00+05:30,90.99,91.7,90.1,90.1,25863,0
2026-02-27T14:30:00+05:30,90.5,91.38,90.11,90.56,23829,0
2026-02-27T14:45:00+05:30,90.56,91.1,90.1,91.09,46262,0
2026-02-27T15:00:00+05:30,91.09,91.1,90.15,90.78,45956,0
2026-02-27T15:15:00+05:30,90.78,90.78,90.0,90.48,113366,0
2026-03-02T09:15:00+05:30,85.87,86.88,85.87,86.0,415200,0
2026-03-02T09:30:00+05:30,86.0,86.98,85.87,86.3,103747,0
2026-03-02T09:45:00+05:30,86.3,86.7,86.0,86.45,78765,0
2026-03-02T10:00:00+05:30,86.45,86.45,85.87,85.87,218788,0
2026-03-02T10:15:00+05:30,85.87,85.87,85.87,85.87,51964,0
2026-03-02T10:30:00+05:30,85.87,86.0,85.87,85.9,83922,0
2026-03-02T10:45:00+05:30,85.9,85.9,85.87,85.87,18057,0
2026-03-02T11:00:00+05:30,85.87,85.87,85.87,85.87,10968,0
2026-03-02T11:15:00+05:30,85.87,85.87,85.87,85.87,21814,0
2026-03-02T11:30:00+05:30,85.87,85.87,85.87,85.87,7829,0
2026-03-02T11:45:00+05:30,85.87,85.87,85.87,85.87,7090,0
2026-03-02T12:00:00+05:30,85.87,85.87,85.87,85.87,19965,0
2026-03-02T12:15:00+05:30,85.87,85.87,85.87,85.87,5344,0
2026-03-02T12:30:00+05:30,85.87,85.87,85.87,85.87,2786,0
2026-03-02T12:45:00+05:30,85.87,85.87,85.87,85.87,3911,0
2026-03-02T13:00:00+05:30,85.87,85.87,85.87,85.87,3894,0
2026-03-02T13:15:00+05:30,85.87,85.87,85.87,85.87,5641,0
2026-03-02T13:30:00+05:30,85.87,85.87,85.87,85.87,5440,0
2026-03-02T13:45:00+05:30,85.87,85.87,85.87,85.87,5383,0
2026-03-02T14:00:00+05:30,85.87,85.87,85.87,85.87,3559,0
2026-03-02T14:15:00+05:30,85.87,85.87,85.87,85.87,4982,0
2026-03-02T14:30:00+05:30,85.87,85.87,85.87,85.87,32402,0
2026-03-02T14:45:00+05:30,85.87,85.87,85.87,85.87,8457,0
2026-03-02T15:00:00+05:30,85.87,85.87,85.87,85.87,40166,0
2026-03-02T15:15:00+05:30,85.87,85.87,85.87,85.87,85590,0
2026-03-04T09:15:00+05:30,82.1,83.6,81.58,81.58,788873,0
2026-03-04T09:30:00+05:30,81.58,81.58,81.58,81.58,41870,0
2026-03-04T09:45:00+05:30,81.58,81.58,81.58,81.58,37494,0
2026-03-04T10:00:00+05:30,81.58,81.58,81.58,81.58,19376,0
2026-03-04T10:15:00+05:30,81.58,85.0,81.58,85.0,393816,0
2026-03-04T10:30:00+05:30,84.98,84.98,82.95,84.5,135304,0
2026-03-04T10:45:00+05:30,84.5,85.0,83.12,84.8,165998,0
2026-03-04T11:00:00+05:30,84.75,85.55,83.52,85.4,115852,0
2026-03-04T11:15:00+05:30,85.23,88.0,85.2,87.35,426499,0
2026-03-04T11:30:00+05:30,87.25,87.5,84.16,86.0,28335,0
2026-03-04T11:45:00+05:30,86.0,86.0,84.1,86.0,25538,0
2026-03-04T12:00:00+05:30,86.0,86.0,83.65,85.98,40633,0
2026-03-04T12:15:00+05:30,85.98,86.0,84.52,85.0,46123,0
2026-03-04T12:30:00+05:30,85.05,85.32,84.0,84.85,60810,0
2026-03-04T12:45:00+05:30,84.8,85.0,84.0,84.7,17867,0
2026-03-04T13:00:00+05:30,84.7,84.7,83.25,83.61,34001,0
2026-03-04T13:15:00+05:30,83.9,84.97,83.6,84.97,27353,0
2026-03-04T13:30:00+05:30,84.69,85.0,83.6,84.45,11951,0
2026-03-04T13:45:00+05:30,84.45,85.0,83.82,84.1,50577,0
2026-03-04T14:00:00+05:30,84.05,84.89,83.62,84.5,14184,0
2026-03-04T14:15:00+05:30,84.5,85.5,84.5,85.5,57022,0
2026-03-04T14:30:00+05:30,85.49,87.1,85.3,86.95,99180,0
2026-03-04T14:45:00+05:30,86.91,87.99,86.91,87.99,86637,0
2026-03-04T15:00:00+05:30,87.98,87.98,85.25,86.53,33414,0
2026-03-04T15:15:00+05:30,86.53,86.53,86.01,86.4,35694,0
2026-03-05T09:15:00+05:30,86.0,87.5,83.12,85.1,189931,0
2026-03-05T09:30:00+05:30,85.79,86.4,84.05,85.9,69774,0
2026-03-05T09:45:00+05:30,85.8,88.7,85.15,85.15,130238,0
2026-03-05T10:00:00+05:30,85.15,86.15,85.15,85.57,42784,0
2026-03-05T10:15:00+05:30,85.61,86.28,85.3,85.95,100099,0
2026-03-05T10:30:00+05:30,85.3,86.0,85.3,86.0,13624,0
2026-03-05T10:45:00+05:30,86.0,86.6,84.5,84.9,871304,0
2026-03-05T11:00:00+05:30,84.7,85.6,84.42,85.1,30070,0
2026-03-05T11:15:00+05:30,85.1,85.45,85.0,85.45,25032,0
2026-03-05T11:30:00+05:30,85.45,86.1,85.06,86.1,19062,0
2026-03-05T11:45:00+05:30,86.1,86.45,85.56,86.28,45266,0
2026-03-05T12:00:00+05:30,86.28,88.4,86.0,88.25,88116,0
2026-03-05T12:15:00+05:30,87.9,88.4,85.55,88.0,51323,0
2026-03-05T12:30:00+05:30,88.0,88.25,86.97,87.88,30166,0
2026-03-05T12:45:00+05:30,88.0,88.34,87.59,88.25,24459,0
2026-03-05T13:00:00+05:30,88.25,89.0,87.59,88.75,51793,0
2026-03-05T13:15:00+05:30,89.0,89.7,88.6,89.45,217435,0
2026-03-05T13:30:00+05:30,89.5,89.5,88.6,89.01,21798,0
2026-03-05T13:45:00+05:30,89.0,89.5,88.6,88.61,73404,0
2026-03-05T14:00:00+05:30,88.7,89.0,88.5,88.9,34403,0
2026-03-05T14:15:00+05:30,88.76,88.9,88.43,88.9,51305,0
2026-03-05T14:30:00+05:30,88.9,88.9,88.48,88.5,48297,0
2026-03-05T14:45:00+05:30,88.75,89.45,88.75,89.45,146789,0
2026-03-05T15:00:00+05:30,90.0,90.18,89.15,89.64,204988,0
2026-03-05T15:15:00+05:30,89.64,90.97,89.15,90.96,221750,0
2026-03-06T09:15:00+05:30,90.0,94.5,89.16,93.65,252701,0
2026-03-06T09:30:00+05:30,93.7,94.4,91.5,92.06,243923,0
2026-03-06T09:45:00+05:30,92.12,94.0,90.5,93.01,93956,0
2026-03-06T10:00:00+05:30,93.99,94.58,93.1,94.58,124496,0
2026-03-06T10:15:00+05:30,94.57,94.57,94.0,94.5,54180,0
2026-03-06T10:30:00+05:30,94.13,94.13,93.16,93.9,36120,0
2026-03-06T10:45:00+05:30,93.4,93.84,92.97,93.1,33713,0
2026-03-06T11:00:00+05:30,93.4,93.48,92.9,93.0,22984,0
2026-03-06T11:15:00+05:30,92.9,93.0,92.7,92.9,17423,0
2026-03-06T11:30:00+05:30,92.9,92.95,92.8,92.9,37071,0
2026-03-06T11:45:00+05:30,92.9,92.95,92.0,92.0,23568,0
2026-03-06T12:00:00+05:30,92.0,92.7,91.8,92.6,9881,0
2026-03-06T12:15:00+05:30,92.6,92.6,92.2,92.6,8538,0
2026-03-06T12:30:00+05:30,92.6,92.6,92.1,92.3,21004,0
2026-03-06T12:45:00+05:30,92.49,92.5,92.0,92.25,11226,0
2026-03-06T13:00:00+05:30,92.27,92.6,92.01,92.3,25228,0
2026-03-06T13:15:00+05:30,92.2,92.75,92.0,92.75,40314,0
2026-03-06T13:30:00+05:30,92.75,92.75,91.05,91.6,1774200,0
2026-03-06T13:45:00+05:30,91.6,92.88,91.5,91.75,36268,0
2026-03-06T14:00:00+05:30,92.0,92.9,91.62,92.5,16124,0
2026-03-06T14:15:00+05:30,92.59,93.6,92.5,93.6,20094,0
2026-03-06T14:30:00+05:30,93.6,93.75,92.9,92.93,61493,0
2026-03-06T14:45:00+05:30,92.98,93.6,92.91,93.6,70206,0
2026-03-06T15:00:00+05:30,93.6,93.7,93.0,93.26,138956,0
2026-03-06T15:15:00+05:30,93.26,94.59,93.26,94.59,254088,0
2026-03-09T09:15:00+05:30,91.7,93.05,90.0,90.5,173943,0
2026-03-09T09:30:00+05:30,90.15,91.8,90.11,90.85,82455,0
2026-03-09T09:45:00+05:30,90.83,91.5,90.0,91.5,68199,0
2026-03-09T10:00:00+05:30,91.7,92.8,91.5,92.6,66241,0
2026-03-09T10:15:00+05:30,92.51,92.59,91.25,92.35,38214,0
2026-03-09T10:30:00+05:30,92.35,92.7,92.2,92.3,20878,0
2026-03-09T10:45:00+05:30,92.33,92.5,92.0,92.45,25516,0
2026-03-09T11:00:00+05:30,92.45,92.55,92.0,92.5,20827,0
2026-03-09T11:15:00+05:30,92.5,92.99,91.23,92.9,37166,0
2026-03-09T11:30:00+05:30,92.99,93.45,92.0,92.84,23282,0
2026-03-09T11:45:00+05:30,92.83,92.83,91.5,92.43,24146,0
2026-03-09T12:00:00+05:30,92.43,92.45,90.12,90.6,53366,0
2026-03-09T12:15:00+05:30,90.6,92.1,90.0,90.51,29066,0
2026-03-09T12:30:00+05:30,91.78,91.8,90.0,91.43,11031,0
2026-03-09T12:45:00+05:30,91.43,91.44,89.9,89.9,17271,0
2026-03-09T13:00:00+05:30,89.98,90.95,89.8,90.79,31422,0
2026-03-09T13:15:00+05:30,90.79,91.9,90.0,90.7,14346,0
2026-03-09T13:30:00+05:30,90.75,90.8,90.0,90.3,12276,0
2026-03-09T13:45:00+05:30,90.3,91.0,89.55,89.55,32633,0
2026-03-09T14:00:00+05:30,89.55,90.0,89.49,89.49,42499,0
2026-03-09T14:15:00+05:30,89.49,89.5,89.29,89.29,46131,0
2026-03-09T14:30:00+05:30,89.29,89.29,89.29,89.29,6605,0
2026-03-09T14:45:00+05:30,89.29,89.29,89.29,89.29,327639,0
2026-03-09T15:00:00+05:30,89.29,89.29,89.29,89.29,34490,0
2026-03-09T15:15:00+05:30,89.29,90.25,89.29,89.29,162514,0
2026-03-10T09:15:00+05:30,89.3,92.31,89.3,90.72,91021,0
2026-03-10T09:30:00+05:30,91.5,92.3,90.6,92.1,68473,0
2026-03-10T09:45:00+05:30,92.19,92.99,91.32,91.98,80541,0
2026-03-10T10:00:00+05:30,91.53,91.8,91.0,91.55,26174,0
2026-03-10T10:15:00+05:30,91.5,92.6,91.5,92.48,20449,0
2026-03-10T10:30:00+05:30,92.33,92.45,91.5,91.9,28163,0
2026-03-10T10:45:00+05:30,91.8,92.35,91.55,91.6,9815,0
2026-03-10T11:00:00+05:30,91.6,92.0,91.13,91.84,27809,0
2026-03-10T11:15:00+05:30,91.8,91.8,91.0,91.0,43720,0
2026-03-10T11:30:00+05:30,91.15,91.15,90.05,90.62,30082,0
2026-03-10T11:45:00+05:30,90.95,90.95,90.35,90.55,23646,0
2026-03-10T12:00:00+05:30,90.55,91.1,89.6,89.7,48162,0
2026-03-10T12:15:00+05:30,89.6,90.0,88.65,90.0,82691,0
2026-03-10T12:30:00+05:30,89.6,89.95,88.0,88.06,33733,0
2026-03-10T12:45:00+05:30,88.45,89.0,88.1,88.79,38295,0
2026-03-10T13:00:00+05:30,88.79,88.79,88.01,88.7,59841,0
2026-03-10T13:15:00+05:30,88.69,88.79,88.5,88.68,71337,0
2026-03-10T13:30:00+05:30,88.78,90.3,88.68,89.3,34831,0
2026-03-10T13:45:00+05:30,89.8,90.28,89.05,89.5,25945,0
2026-03-10T14:00:00+05:30,89.5,90.0,89.5,89.5,41229,0
2026-03-10T14:15:00+05:30,89.67,90.28,89.5,90.14,68929,0
2026-03-10T14:30:00+05:30,90.15,90.28,90.15,90.25,28341,0
2026-03-10T14:45:00+05:30,90.25,91.1,90.24,90.51,37345,0
2026-03-10T15:00:00+05:30,90.94,91.1,90.28,90.88,41348,0
2026-03-10T15:15:00+05:30,90.88,91.5,90.5,90.72,60456,0
2026-03-11T09:15:00+05:30,90.0,93.14,90.0,92.17,81212,0
2026-03-11T09:30:00+05:30,92.55,93.0,92.0,92.55,150675,0
2026-03-11T09:45:00+05:30,92.55,93.5,92.15,92.8,71690,0
2026-03-11T10:00:00+05:30,92.8,92.8,92.25,92.7,45712,0
2026-03-11T10:15:00+05:30,92.65,93.15,92.51,92.95,35835,0
2026-03-11T10:30:00+05:30,92.95,93.25,92.56,93.2,47979,0
2026-03-11T10:45:00+05:30,93.25,93.75,93.2,93.25,35717,0
2026-03-11T11:00:00+05:30,93.2,93.5,93.2,93.25,32206,0
2026-03-11T11:15:00+05:30,93.25,93.3,93.2,93.24,31362,0
2026-03-11T11:30:00+05:30,93.24,93.29,92.25,92.8,78705,0
2026-03-11T11:45:00+05:30,92.8,93.0,92.8,92.9,44948,0
2026-03-11T12:00:00+05:30,92.9,93.3,91.1,92.11,56389,0
2026-03-11T12:15:00+05:30,92.5,93.08,92.11,93.07,68514,0
2026-03-11T12:30:00+05:30,92.55,93.25,92.5,92.6,14391,0
2026-03-11T12:45:00+05:30,92.9,93.35,92.6,93.2,37660,0
2026-03-11T13:00:00+05:30,93.15,93.15,92.6,92.6,62778,0
2026-03-11T13:15:00+05:30,92.89,93.6,92.85,93.5,47510,0
2026-03-11T13:30:00+05:30,93.21,93.95,92.91,93.85,188500,0
2026-03-11T13:45:00+05:30,93.85,93.95,92.9,93.0,20457,0
2026-03-11T14:00:00+05:30,93.0,93.1,92.1,92.4,17589,0
2026-03-11T14:15:00+05:30,92.25,92.4,91.5,91.5,37030,0
2026-03-11T14:30:00+05:30,91.99,93.0,91.99,92.8,67202,0
2026-03-11T14:45:00+05:30,92.8,92.8,91.4,92.25,36458,0
2026-03-11T15:00:00+05:30,91.79,91.95,90.0,90.3,66966,0
2026-03-11T15:15:00+05:30,90.39,91.0,89.35,91.0,79419,0
2026-03-12T09:15:00+05:30,89.5,90.98,87.27,89.0,95992,0
2026-03-12T09:30:00+05:30,89.45,89.52,88.5,88.5,45875,0
2026-03-12T09:45:00+05:30,88.45,89.25,88.0,89.25,39546,0
2026-03-12T10:00:00+05:30,89.25,89.52,86.1,88.9,165721,0
2026-03-12T10:15:00+05:30,88.85,89.47,87.5,88.87,18409,0
2026-03-12T10:30:00+05:30,89.09,90.4,88.0,90.38,67130,0
2026-03-12T10:45:00+05:30,90.4,91.55,90.2,90.5,130866,0
2026-03-12T11:00:00+05:30,91.25,91.4,90.0,90.4,59412,0
2026-03-12T11:15:00+05:30,91.0,91.2,89.65,90.49,51840,0
2026-03-12T11:30:00+05:30,90.05,90.85,89.65,90.0,59891,0
2026-03-12T11:45:00+05:30,90.0,90.84,89.99,90.84,41527,0
2026-03-12T12:00:00+05:30,90.48,91.2,90.31,91.0,50915,0
2026-03-12T12:15:00+05:30,91.1,92.1,90.0,91.25,126229,0
2026-03-12T12:30:00+05:30,91.55,91.74,90.85,90.85,55358,0
2026-03-12T12:45:00+05:30,91.0,92.1,91.0,92.0,64164,0
2026-03-12T13:00:00+05:30,92.09,92.09,90.85,91.22,42507,0
2026-03-12T13:15:00+05:30,91.75,92.6,91.22,92.5,34284,0
2026-03-12T13:30:00+05:30,92.5,92.75,91.81,92.5,35795,0
2026-03-12T13:45:00+05:30,92.5,92.6,91.8,92.6,65491,0
2026-03-12T14:00:00+05:30,92.69,93.02,92.4,92.85,116271,0
2026-03-12T14:15:00+05:30,92.85,92.85,91.5,92.0,142136,0
2026-03-12T14:30:00+05:30,91.8,92.45,91.65,92.0,24470,0
2026-03-12T14:45:00+05:30,91.9,92.45,91.5,91.6,32902,0
2026-03-12T15:00:00+05:30,91.6,91.6,90.0,90.0,114777,0
2026-03-12T15:15:00+05:30,90.0,90.5,88.0,89.4,162134,0
2026-03-13T09:15:00+05:30,89.0,90.2,88.5,90.0,131796,0
2026-03-13T09:30:00+05:30,90.0,91.2,90.0,90.64,79417,0
2026-03-13T09:45:00+05:30,90.6,90.64,89.02,89.02,95591,0
2026-03-13T10:00:00+05:30,89.02,89.1,88.0,88.15,127566,0
2026-03-13T10:15:00+05:30,88.15,89.01,87.0,87.6,80361,0
2026-03-13T10:30:00+05:30,87.6,89.02,87.3,88.0,57168,0
2026-03-13T10:45:00+05:30,88.0,88.2,87.72,88.0,33705,0
2026-03-13T11:00:00+05:30,88.2,88.45,87.01,87.4,45743,0
2026-03-13T11:15:00+05:30,87.4,87.5,86.9,87.5,50290,0
2026-03-13T11:30:00+05:30,87.5,89.2,87.07,88.93,47479,0
2026-03-13T11:45:00+05:30,88.75,88.9,87.5,87.61,21811,0
2026-03-13T12:00:00+05:30,87.61,88.58,87.5,88.0,51555,0
2026-03-13T12:15:00+05:30,88.0,89.0,87.4,87.42,39828,0
2026-03-13T12:30:00+05:30,87.4,87.88,87.05,87.05,36395,0
2026-03-13T12:45:00+05:30,87.05,87.95,86.2,86.2,59885,0
2026-03-13T13:00:00+05:30,86.2,87.0,86.05,86.5,25440,0
2026-03-13T13:15:00+05:30,86.3,86.5,85.75,86.4,59616,0
2026-03-13T13:30:00+05:30,86.0,86.4,85.5,86.0,51832,0
2026-03-13T13:45:00+05:30,86.1,86.3,85.5,85.75,34064,0
2026-03-13T14:00:00+05:30,85.75,86.35,85.5,85.85,22534,0
2026-03-13T14:15:00+05:30,85.65,86.39,85.65,86.39,15058,0
2026-03-13T14:30:00+05:30,86.39,86.39,85.85,86.25,21896,0
2026-03-13T14:45:00+05:30,86.25,86.35,86.0,86.1,19247,0
2026-03-13T15:00:00+05:30,86.05,86.34,85.4,85.41,120223,0
2026-03-13T15:15:00+05:30,85.4,86.34,85.4,86.33,172366,0
2026-03-16T09:15:00+05:30,84.1,85.0,81.62,82.46,102076,0
2026-03-16T09:30:00+05:30,82.46,83.9,81.75,83.51,103399,0
2026-03-16T09:45:00+05:30,83.73,84.0,82.62,83.0,58592,0
2026-03-16T10:00:00+05:30,83.0,83.0,82.1,82.2,48409,0
2026-03-16T10:15:00+05:30,82.2,82.5,81.23,81.23,234065,0
2026-03-16T10:30:00+05:30,81.23,81.23,81.23,81.23,27483,0
2026-03-16T10:45:00+05:30,81.23,81.23,81.23,81.23,16275,0
2026-03-16T11:00:00+05:30,81.23,81.23,81.23,81.23,21511,0
2026-03-16T11:15:00+05:30,81.23,81.23,81.23,81.23,11707,0
2026-03-16T11:30:00+05:30,81.23,81.23,81.23,81.23,13952,0
2026-03-16T11:45:00+05:30,81.23,81.23,81.23,81.23,16279,0
2026-03-16T12:00:00+05:30,81.23,81.23,81.23,81.23,13264,0
2026-03-16T12:15:00+05:30,81.23,81.23,81.23,81.23,7353,0
2026-03-16T12:30:00+05:30,81.23,81.23,81.23,81.23,6167,0
2026-03-16T12:45:00+05:30,81.23,81.23,81.23,81.23,4597,0
2026-03-16T13:00:00+05:30,81.23,81.23,81.23,81.23,8204,0
2026-03-16T13:15:00+05:30,81.23,81.23,81.23,81.23,5059,0
2026-03-16T13:30:00+05:30,81.23,81.23,81.23,81.23,18591,0
2026-03-16T13:45:00+05:30,81.23,81.23,81.23,81.23,2972,0
2026-03-16T14:00:00+05:30,81.23,81.23,81.23,81.23,5258,0
2026-03-16T14:15:00+05:30,81.23,81.23,81.23,81.23,20784,0
2026-03-16T14:30:00+05:30,81.23,81.23,81.23,81.23,19040,0
2026-03-16T14:45:00+05:30,81.23,81.23,81.23,81.23,22753,0
2026-03-16T15:00:00+05:30,81.23,81.23,81.23,81.23,27443,0
2026-03-16T15:15:00+05:30,81.23,81.23,81.23,81.23,26723,0
2026-03-17T09:15:00+05:30,77.75,81.0,77.75,78.5,630048,0
2026-03-17T09:30:00+05:30,78.64,78.64,77.41,77.5,177872,0
2026-03-17T09:45:00+05:30,77.5,77.69,77.17,77.39,820474,0
2026-03-17T10:00:00+05:30,77.39,79.79,77.26,79.0,397416,0
2026-03-17T10:15:00+05:30,79.0,80.01,78.45,78.99,124445,0
2026-03-17T10:30:00+05:30,78.81,79.0,77.85,77.99,49568,0
2026-03-17T10:45:00+05:30,77.99,77.99,77.17,77.17,175655,0
2026-03-17T11:00:00+05:30,77.17,77.48,77.17,77.35,76351,0
2026-03-17T11:15:00+05:30,77.35,77.5,77.17,77.5,135614,0
2026-03-17T11:30:00+05:30,77.5,77.98,77.17,77.4,97064,0
2026-03-17T11:45:00+05:30,77.45,78.38,77.3,77.85,96480,0
2026-03-17T12:00:00+05:30,77.95,78.9,77.9,78.25,54149,0
2026-03-17T12:15:00+05:30,78.25,78.65,77.17,77.34,129255,0
2026-03-17T12:30:00+05:30,77.34,77.39,77.17,77.17,85060,0
2026-03-17T12:45:00+05:30,77.17,77.45,77.17,77.17,51825,0
2026-03-17T13:00:00+05:30,77.17,77.3,77.17,77.3,117482,0
2026-03-17T13:15:00+05:30,77.3,78.5,77.25,78.45,46111,0
2026-03-17T13:30:00+05:30,78.44,78.7,77.17,77.17,73615,0
2026-03-17T13:45:00+05:30,77.5,77.55,77.17,77.17,40579,0
2026-03-17T14:00:00+05:30,77.17,77.17,77.17,77.17,14050,0
2026-03-17T14:15:00+05:30,77.17,77.17,77.17,77.17,21854,0
2026-03-17T14:30:00+05:30,77.17,77.17,77.17,77.17,9886,0
2026-03-17T14:45:00+05:30,77.17,77.17,77.17,77.17,13872,0
2026-03-17T15:00:00+05:30,77.17,77.7,77.17,77.17,150575,0
2026-03-17T15:15:00+05:30,77.17,79.4,77.17,78.0,274635,0
2026-03-18T09:15:00+05:30,77.88,78.49,76.55,78.08,371910,0
2026-03-18T09:30:00+05:30,78.06,81.45,78.05,80.12,339432,0
2026-03-18T09:45:00+05:30,80.1,80.6,80.0,80.0,112678,0
2026-03-18T10:00:00+05:30,80.4,80.44,79.05,79.95,130346,0
2026-03-18T10:15:00+05:30,79.65,80.0,79.15,79.95,53188,0
2026-03-18T10:30:00+05:30,79.95,79.95,79.15,79.7,13512,0
2026-03-18T10:45:00+05:30,79.7,80.3,79.5,80.15,44565,0
2026-03-18T11:00:00+05:30,80.2,80.6,79.75,80.4,149264,0
2026-03-18T11:15:00+05:30,80.35,80.6,79.81,80.2,109420,0
2026-03-18T11:30:00+05:30,80.35,80.6,80.2,80.5,162047,0
2026-03-18T11:45:00+05:30,80.5,80.6,80.25,80.29,89540,0
2026-03-18T12:00:00+05:30,80.29,80.59,80.0,80.03,34197,0
2026-03-18T12:15:00+05:30,80.03,80.5,80.0,80.08,59104,0
2026-03-18T12:30:00+05:30,80.1,80.5,80.0,80.49,31711,0
2026-03-18T12:45:00+05:30,80.45,80.45,80.2,80.26,51777,0
2026-03-18T13:00:00+05:30,80.26,80.3,80.1,80.25,57790,0
2026-03-18T13:15:00+05:30,80.3,81.25,80.1,81.25,124943,0
2026-03-18T13:30:00+05:30,81.28,81.4,80.27,81.0,81627,0
2026-03-18T13:45:00+05:30,81.0,81.28,80.0,81.25,25588,0
2026-03-18T14:00:00+05:30,81.25,81.45,80.31,80.42,127467,0
2026-03-18T14:15:00+05:30,80.42,80.5,80.2,80.49,35348,0
2026-03-18T14:30:00+05:30,80.43,80.6,80.0,80.1,68902,0
2026-03-18T14:45:00+05:30,80.21,80.45,79.1,79.4,68613,0
2026-03-18T15:00:00+05:30,79.79,79.8,79.0,79.64,76013,0
2026-03-18T15:15:00+05:30,79.62,79.78,78.8,78.8,2109589,0
2026-03-19T09:15:00+05:30,76.5,78.35,76.0,78.0,159210,0
2026-03-19T09:30:00+05:30,78.0,78.89,78.0,78.3,137929,0
2026-03-19T09:45:00+05:30,78.3,78.5,78.0,78.2,72536,0
2026-03-19T10:00:00+05:30,78.2,78.45,78.0,78.2,20074,0
2026-03-19T10:15:00+05:30,78.34,78.34,77.9,77.99,118014,0
2026-03-19T10:30:00+05:30,78.0,78.39,77.95,78.25,54415,0
2026-03-19T10:45:00+05:30,78.3,78.4,77.75,77.79,80681,0
2026-03-19T11:00:00+05:30,77.79,77.79,77.0,77.0,176704,0
2026-03-19T11:15:00+05:30,76.95,77.0,76.32,76.5,65589,0
2026-03-19T11:30:00+05:30,76.5,77.49,76.5,77.1,65361,0
2026-03-19T11:45:00+05:30,77.1,77.49,76.9,77.0,44392,0
2026-03-19T12:00:00+05:30,77.0,77.5,76.5,76.75,98867,0
2026-03-19T12:15:00+05:30,76.75,77.0,76.4,77.0,103964,0
2026-03-19T12:30:00+05:30,77.0,77.0,76.35,76.8,53491,0
2026-03-19T12:45:00+05:30,76.76,77.0,76.25,76.48,139669,0
2026-03-19T13:00:00+05:30,76.5,77.3,76.5,77.0,28490,0
2026-03-19T13:15:00+05:30,77.0,77.77,76.51,76.51,73930,0
2026-03-19T13:30:00+05:30,77.0,77.0,76.01,76.98,64573,0
2026-03-19T13:45:00+05:30,76.6,77.0,76.0,77.0,88007,0
2026-03-19T14:00:00+05:30,77.0,77.24,76.15,76.15,55811,0
2026-03-19T14:15:00+05:30,76.5,77.25,76.15,77.2,75530,0
2026-03-19T14:30:00+05:30,77.2,77.25,76.0,76.02,118822,0
2026-03-19T14:45:00+05:30,76.01,76.9,75.4,75.4,91338,0
2026-03-19T15:00:00+05:30,75.4,76.3,75.29,75.5,150891,0
2026-03-19T15:15:00+05:30,75.55,76.35,75.4,76.2,100987,0
2026-03-20T09:15:00+05:30,77.0,78.0,77.0,77.15,173582,0
2026-03-20T09:30:00+05:30,77.19,78.0,77.1,77.31,113168,0
2026-03-20T09:45:00+05:30,77.3,78.29,77.2,78.2,79617,0
2026-03-20T10:00:00+05:30,78.16,78.25,77.48,77.5,73613,0
2026-03-20T10:15:00+05:30,77.48,78.25,77.48,78.23,66371,0
2026-03-20T10:30:00+05:30,78.23,79.49,78.23,79.1,584634,0
2026-03-20T10:45:00+05:30,79.18,79.48,79.1,79.23,614918,0
2026-03-20T11:00:00+05:30,79.31,79.49,78.54,79.2,423275,0
2026-03-20T11:15:00+05:30,79.2,79.49,78.62,79.49,119258,0
2026-03-20T11:30:00+05:30,79.49,79.49,79.47,79.49,121248,0
2026-03-20T11:45:00+05:30,79.49,79.49,79.49,79.49,59336,0
2026-03-20T12:00:00+05:30,79.49,79.49,78.96,79.49,125398,0
2026-03-20T12:15:00+05:30,79.49,79.49,78.51,78.51,73751,0
2026-03-20T12:30:00+05:30,78.52,79.47,77.5,78.7,40050,0
2026-03-20T12:45:00+05:30,78.75,78.86,78.38,78.49,42323,0
2026-03-20T13:00:00+05:30,78.48,78.75,78.0,78.55,31233,0
2026-03-20T13:15:00+05:30,78.55,79.49,78.5,79.0,103313,0
2026-03-20T13:30:00+05:30,79.0,79.49,78.71,79.0,179213,0
2026-03-20T13:45:00+05:30,79.03,79.2,78.5,79.0,83157,0
2026-03-20T14:00:00+05:30,79.0,79.18,77.65,78.0,160577,0
2026-03-20T14:15:00+05:30,78.0,78.0,75.0,76.7,125106,0
2026-03-20T14:30:00+05:30,76.68,78.51,76.68,77.61,33640,0
2026-03-20T14:45:00+05:30,77.61,78.51,77.52,78.0,101072,0
2026-03-20T15:00:00+05:30,78.13,78.4,76.9,76.9,136422,0
2026-03-20T15:15:00+05:30,76.9,78.5,76.0,77.67,191686,0
2026-03-23T09:15:00+05:30,76.08,76.4,75.0,75.5,308404,0
2026-03-23T09:30:00+05:30,75.58,77.61,75.01,75.98,215708,0
2026-03-23T09:45:00+05:30,76.0,76.15,75.25,75.45,64653,0
2026-03-23T10:00:00+05:30,75.45,75.52,75.2,75.5,88679,0
2026-03-23T10:15:00+05:30,75.5,75.55,75.09,75.28,126833,0
2026-03-23T10:30:00+05:30,75.28,75.28,74.12,74.34,96749,0
2026-03-23T10:45:00+05:30,74.34,74.4,73.8,73.92,127544,0
2026-03-23T11:00:00+05:30,73.92,74.05,73.7,73.84,270489,0
2026-03-23T11:15:00+05:30,73.84,73.95,73.72,73.87,43010,0
2026-03-23T11:30:00+05:30,73.84,73.87,73.68,73.68,77975,0
2026-03-23T11:45:00+05:30,73.68,73.84,73.59,73.59,101289,0
2026-03-23T12:00:00+05:30,73.8,73.84,73.59,73.73,42763,0
2026-03-23T12:15:00+05:30,73.59,73.59,73.59,73.59,22459,0
2026-03-23T12:30:00+05:30,73.59,73.59,73.59,73.59,6491,0
2026-03-23T12:45:00+05:30,73.59,73.66,73.59,73.59,232008,0
2026-03-23T13:00:00+05:30,73.59,73.59,73.59,73.59,4748,0
2026-03-23T13:15:00+05:30,73.59,73.59,73.59,73.59,6883,0
2026-03-23T13:30:00+05:30,73.59,73.59,73.59,73.59,4413,0
2026-03-23T13:45:00+05:30,73.59,73.59,73.59,73.59,50120,0
2026-03-23T14:00:00+05:30,73.59,73.73,73.59,73.59,98759,0
2026-03-23T14:15:00+05:30,73.59,73.59,73.59,73.59,7921,0
2026-03-23T14:30:00+05:30,73.59,73.59,73.59,73.59,5124,0
2026-03-23T14:45:00+05:30,73.59,73.59,73.59,73.59,12409,0
2026-03-23T15:00:00+05:30,73.59,73.59,73.59,73.59,23535,0
2026-03-23T15:15:00+05:30,73.59,73.59,73.59,73.59,38560,0
2026-03-24T09:15:00+05:30,77.0,77.2,75.0,75.1,327967,0
2026-03-24T09:30:00+05:30,75.0,75.1,73.95,74.05,123774,0
2026-03-24T09:45:00+05:30,74.0,74.07,72.07,74.07,196710,0
2026-03-24T10:00:00+05:30,74.0,74.4,73.3,73.98,93083,0
2026-03-24T10:15:00+05:30,73.98,73.98,72.26,73.47,41840,0
2026-03-24T10:30:00+05:30,73.45,73.8,71.33,72.0,159502,0
2026-03-24T10:45:00+05:30,72.0,73.0,71.52,72.73,52345,0
2026-03-24T11:00:00+05:30,72.45,72.85,72.43,72.6,29275,0
2026-03-24T11:15:00+05:30,72.6,72.6,71.95,71.95,38914,0
2026-03-24T11:30:00+05:30,72.04,72.45,71.6,72.03,39330,0
2026-03-24T11:45:00+05:30,72.04,72.6,71.33,72.6,117163,0
2026-03-24T12:00:00+05:30,72.58,73.6,72.58,73.3,122767,0
2026-03-24T12:15:00+05:30,73.4,73.4,72.3,73.0,41258,0
2026-03-24T12:30:00+05:30,73.0,74.0,72.8,73.99,100851,0
2026-03-24T12:45:00+05:30,74.0,74.07,73.84,74.0,80950,0
2026-03-24T13:00:00+05:30,74.0,75.11,74.0,74.49,244546,0
2026-03-24T13:15:00+05:30,74.49,75.1,74.01,74.5,152218,0
2026-03-24T13:30:00+05:30,74.5,74.5,74.05,74.05,36243,0
2026-03-24T13:45:00+05:30,74.35,74.45,73.14,73.14,57144,0
2026-03-24T14:00:00+05:30,73.16,73.16,72.8,72.99,165952,0
2026-03-24T14:15:00+05:30,73.0,73.0,72.54,72.8,114594,0
2026-03-24T14:30:00+05:30,72.55,73.16,72.54,73.0,137001,0
2026-03-24T14:45:00+05:30,73.0,73.13,72.53,73.0,106375,0
2026-03-24T15:00:00+05:30,72.99,72.99,72.41,72.9,64459,0
2026-03-24T15:15:00+05:30,72.9,72.9,72.1,72.4,148661,0
2026-03-25T09:15:00+05:30,73.11,74.4,73.1,74.39,258031,0
2026-03-25T09:30:00+05:30,74.39,74.88,74.25,74.45,237950,0
2026-03-25T09:45:00+05:30,74.49,74.88,74.45,74.75,161280,0
2026-03-25T10:00:00+05:30,74.84,74.93,74.5,74.85,147357,0
2026-03-25T10:15:00+05:30,74.85,75.33,74.8,75.25,174495,0
2026-03-25T10:30:00+05:30,75.28,75.75,75.06,75.28,152277,0
2026-03-25T10:45:00+05:30,75.28,75.74,75.11,75.4,145426,0
2026-03-25T11:00:00+05:30,75.3,75.44,74.8,74.93,55875,0
2026-03-25T11:15:00+05:30,74.91,75.0,74.5,75.0,114963,0
2026-03-25T11:30:00+05:30,75.01,75.31,74.45,75.14,68337,0
2026-03-25T11:45:00+05:30,75.12,75.3,74.9,74.9,84406,0
2026-03-25T12:00:00+05:30,74.9,75.28,74.8,74.99,51081,0
2026-03-25T12:15:00+05:30,74.99,75.19,74.84,75.0,78000,0
2026-03-25T12:30:00+05:30,75.0,75.2,74.85,75.0,99178,0
2026-03-25T12:45:00+05:30,75.0,75.28,74.5,74.6,51387,0
2026-03-25T13:00:00+05:30,74.6,74.98,74.0,74.07,58640,0
2026-03-25T13:15:00+05:30,74.32,74.5,74.08,74.3,21215,0
2026-03-25T13:30:00+05:30,74.2,74.65,74.15,74.5,62973,0
2026-03-25T13:45:00+05:30,74.62,75.25,74.62,75.0,148808,0
2026-03-25T14:00:00+05:30,75.0,75.0,74.3,74.45,75925,0
2026-03-25T14:15:00+05:30,74.48,75.19,74.32,75.06,88057,0
2026-03-25T14:30:00+05:30,75.1,75.22,74.2,74.53,232418,0
2026-03-25T14:45:00+05:30,74.5,74.53,73.71,74.02,84615,0
2026-03-25T15:00:00+05:30,74.25,74.79,73.8,74.5,105304,0
2026-03-25T15:15:00+05:30,74.5,74.9,72.9,73.5,387535,0
2026-03-27T09:15:00+05:30,74.0,75.99,73.11,74.2,418776,0
2026-03-27T09:30:00+05:30,74.35,74.41,73.55,73.89,211132,0
2026-03-27T09:45:00+05:30,73.88,74.15,73.63,73.63,153924,0
2026-03-27T10:00:00+05:30,73.79,74.0,73.2,73.4,199518,0
2026-03-27T10:15:00+05:30,73.43,73.85,73.43,73.69,120764,0
2026-03-27T10:30:00+05:30,73.5,74.08,73.5,73.99,104029,0
2026-03-27T10:45:00+05:30,74.0,74.0,73.2,73.21,106681,0
2026-03-27T11:00:00+05:30,73.21,73.21,72.12,72.3,136616,0
2026-03-27T11:15:00+05:30,72.34,72.4,72.12,72.12,40663,0
2026-03-27T11:30:00+05:30,72.2,72.25,72.05,72.12,86743,0
2026-03-27T11:45:00+05:30,72.1,72.2,72.05,72.1,86960,0
2026-03-27T12:00:00+05:30,72.06,72.1,72.0,72.02,56957,0
2026-03-27T12:15:00+05:30,72.03,72.05,71.82,72.0,57299,0
2026-03-27T12:30:00+05:30,72.0,72.0,71.27,71.7,137889,0
2026-03-27T12:45:00+05:30,71.66,71.7,71.1,71.37,120779,0
2026-03-27T13:00:00+05:30,71.37,71.7,71.0,71.16,180516,0
2026-03-27T13:15:00+05:30,71.3,71.7,70.8,71.41,155623,0
2026-03-27T13:30:00+05:30,71.45,71.54,70.5,70.6,237577,0
2026-03-27T13:45:00+05:30,70.5,71.4,70.49,70.49,306334,0
2026-03-27T14:00:00+05:30,70.49,70.49,70.49,70.49,67313,0
2026-03-27T14:15:00+05:30,70.49,70.49,70.49,70.49,48014,0
2026-03-27T14:30:00+05:30,70.49,70.49,70.49,70.49,49785,0
2026-03-27T14:45:00+05:30,70.49,70.49,70.49,70.49,41187,0
2026-03-27T15:00:00+05:30,70.49,70.49,70.49,70.49,75185,0
2026-03-27T15:15:00+05:30,70.49,70.49,70.49,70.49,126851,0
2026-03-30T09:15:00+05:30,66.97,68.7,66.97,67.79,830580,0
2026-03-30T09:30:00+05:30,67.2,68.3,67.0,67.75,244661,0
2026-03-30T09:45:00+05:30,67.75,68.98,67.75,68.49,128025,0
2026-03-30T10:00:00+05:30,68.3,68.49,66.98,66.98,228845,0
2026-03-30T10:15:00+05:30,66.98,67.5,66.97,67.01,196663,0
2026-03-30T10:30:00+05:30,67.01,67.01,66.97,66.97,62837,0
2026-03-30T10:45:00+05:30,66.97,66.97,66.97,66.97,28270,0
2026-03-30T11:00:00+05:30,66.97,66.97,66.97,66.97,7881,0
2026-03-30T11:15:00+05:30,66.97,66.97,66.97,66.97,25317,0
2026-03-30T11:30:00+05:30,66.97,66.97,66.97,66.97,15286,0
2026-03-30T11:45:00+05:30,66.97,66.97,66.97,66.97,11072,0
2026-03-30T12:00:00+05:30,66.97,66.97,66.97,66.97,11200,0
2026-03-30T12:15:00+05:30,66.97,66.97,66.97,66.97,9744,0
2026-03-30T12:30:00+05:30,66.97,66.97,66.97,66.97,15696,0
2026-03-30T12:45:00+05:30,66.97,66.97,66.97,66.97,2400,0
2026-03-30T13:00:00+05:30,66.97,66.97,66.97,66.97,17093,0
2026-03-30T13:15:00+05:30,66.97,66.97,66.97,66.97,6316,0
2026-03-30T13:30:00+05:30,66.97,66.97,66.97,66.97,5834,0
2026-03-30T13:45:00+05:30,66.97,66.97,66.97,66.97,10204,0
2026-03-30T14:00:00+05:30,66.97,66.97,66.97,66.97,4586,0
2026-03-30T14:15:00+05:30,66.97,66.97,66.97,66.97,24004,0
2026-03-30T14:30:00+05:30,66.97,66.97,66.97,66.97,8580,0
2026-03-30T14:45:00+05:30,66.97,66.97,66.97,66.97,11243,0
2026-03-30T15:00:00+05:30,66.97,66.97,66.97,66.97,36395,0
2026-03-30T15:15:00+05:30,66.97,66.97,66.97,66.97,71628,0
2026-04-01T09:15:00+05:30,65.0,69.0,65.0,68.75,985106,0
2026-04-01T09:30:00+05:30,68.75,69.2,67.0,67.85,100831,0
2026-04-01T09:45:00+05:30,67.85,67.95,66.6,66.97,135888,0
2026-04-01T10:00:00+05:30,66.97,69.95,66.9,69.8,225677,0
2026-04-01T10:15:00+05:30,69.8,69.86,67.8,68.0,55099,0
2026-04-01T10:30:00+05:30,68.0,70.0,67.69,69.05,59302,0
2026-04-01T10:45:00+05:30,69.2,70.0,69.0,69.7,22717,0
2026-04-01T11:00:00+05:30,69.8,69.88,69.06,69.68,16118,0
2026-04-01T11:15:00+05:30,69.8,70.25,69.68,70.2,39854,0
2026-04-01T11:30:00+05:30,70.21,70.31,70.2,70.31,41915,0
2026-04-01T11:45:00+05:30,70.31,70.31,70.31,70.31,8328,0
2026-04-01T12:00:00+05:30,70.31,70.31,70.31,70.31,1604,0
2026-04-01T12:15:00+05:30,70.31,70.31,70.31,70.31,2408,0
2026-04-01T12:30:00+05:30,70.31,70.31,70.25,70.31,80902,0
2026-04-01T12:45:00+05:30,70.25,70.31,70.17,70.31,30166,0
2026-04-01T13:00:00+05:30,70.31,70.31,70.05,70.26,37370,0
2026-04-01T13:15:00+05:30,70.26,70.3,69.06,69.06,35134,0
2026-04-01T13:30:00+05:30,69.06,70.31,69.0,69.27,32135,0
2026-04-01T13:45:00+05:30,69.27,70.2,69.0,69.2,28122,0
2026-04-01T14:00:00+05:30,69.31,70.0,69.2,70.0,20816,0
2026-04-01T14:15:00+05:30,70.1,70.3,69.0,69.6,43710,0
2026-04-01T14:30:00+05:30,69.79,70.0,69.1,69.15,36124,0
2026-04-01T14:45:00+05:30,69.8,69.94,69.11,69.12,25991,0
2026-04-01T15:00:00+05:30,69.84,70.31,69.12,69.32,53103,0
2026-04-01T15:15:00+05:30,69.32,70.31,69.32,70.31,85843,0
2026-04-02T09:15:00+05:30,67.1,68.3,67.1,67.45,144711,0
2026-04-02T09:30:00+05:30,67.5,67.99,67.26,67.4,69038,0
2026-04-02T09:45:00+05:30,67.35,67.4,67.0,67.08,76658,0
2026-04-02T10:00:00+05:30,67.08,67.14,66.33,66.49,131866,0
2026-04-02T10:15:00+05:30,66.49,67.84,66.33,67.78,185228,0
2026-04-02T10:30:00+05:30,67.75,67.75,67.0,67.5,16568,0
2026-04-02T10:45:00+05:30,67.7,67.94,67.05,67.79,14515,0
2026-04-02T11:00:00+05:30,67.79,68.3,67.5,67.95,18625,0
2026-04-02T11:15:00+05:30,67.98,68.15,67.5,67.92,17374,0
2026-04-02T11:30:00+05:30,67.95,68.0,66.5,67.75,28230,0
2026-04-02T11:45:00+05:30,67.75,68.15,66.4,68.15,28302,0
2026-04-02T12:00:00+05:30,68.14,68.14,68.0,68.0,59872,0
2026-04-02T12:15:00+05:30,68.07,68.3,67.5,68.3,115370,0
2026-04-02T12:30:00+05:30,68.24,68.5,68.0,68.45,28662,0
2026-04-02T12:45:00+05:30,68.45,68.5,67.95,68.4,119746,0
2026-04-02T13:00:00+05:30,68.45,69.4,68.44,69.39,33169,0
2026-04-02T13:15:00+05:30,69.4,71.98,69.38,71.98,67720,0
2026-04-02T13:30:00+05:30,71.9,72.2,71.5,71.7,117365,0
2026-04-02T13:45:00+05:30,71.5,72.5,71.5,72.05,88289,0
2026-04-02T14:00:00+05:30,72.0,72.25,72.0,72.2,21654,0
2026-04-02T14:15:00+05:30,72.2,73.3,72.2,73.3,911573,0
2026-04-02T14:30:00+05:30,73.0,73.31,73.0,73.31,613987,0
2026-04-02T14:45:00+05:30,73.02,73.31,73.02,73.31,41882,0
2026-04-02T15:00:00+05:30,73.31,73.31,73.31,73.31,20058,0
2026-04-02T15:15:00+05:30,73.31,73.31,73.31,73.31,30838,0
2026-04-06T09:15:00+05:30,73.67,76.45,73.31,76.19,326772,0
2026-04-06T09:30:00+05:30,76.0,76.97,75.5,76.97,213504,0
2026-04-06T09:45:00+05:30,76.97,76.97,76.97,76.97,44865,0
2026-04-06T10:00:00+05:30,76.97,76.97,76.97,76.97,7857,0
2026-04-06T10:15:00+05:30,76.97,76.97,76.97,76.97,17760,0
2026-04-06T10:30:00+05:30,76.97,76.97,76.97,76.97,3482,0
2026-04-06T10:45:00+05:30,76.97,76.97,76.97,76.97,1582,0
2026-04-06T11:00:00+05:30,76.97,76.97,76.97,76.97,4275,0
2026-04-06T11:15:00+05:30,76.97,76.97,76.97,76.97,1437,0
2026-04-06T11:30:00+05:30,76.97,76.97,76.97,76.97,2590,0
2026-04-06T11:45:00+05:30,76.97,76.97,76.97,76.97,2622,0
2026-04-06T12:00:00+05:30,76.97,76.97,76.97,76.97,1392,0
2026-04-06T12:15:00+05:30,76.97,76.97,76.97,76.97,1121,0
2026-04-06T12:30:00+05:30,76.97,76.97,76.97,76.97,8502,0
2026-04-06T12:45:00+05:30,76.97,76.97,76.97,76.97,1121,0
2026-04-06T13:00:00+05:30,76.97,76.97,76.97,76.97,2747,0
2026-04-06T13:15:00+05:30,76.97,76.97,76.97,76.97,353,0
2026-04-06T13:30:00+05:30,76.97,76.97,76.97,76.97,2421,0
2026-04-06T13:45:00+05:30,76.97,76.97,76.97,76.97,1925,0
2026-04-06T14:00:00+05:30,76.97,76.97,76.97,76.97,3416,0
2026-04-06T14:15:00+05:30,76.97,76.97,76.97,76.97,1919,0
2026-04-06T14:30:00+05:30,76.97,76.97,76.97,76.97,502,0
2026-04-06T14:45:00+05:30,76.97,76.97,76.97,76.97,2231,0
2026-04-06T15:00:00+05:30,76.97,76.97,76.97,76.97,4134,0
2026-04-06T15:15:00+05:30,76.97,76.97,76.97,76.97,3576,0
2026-04-07T09:15:00+05:30,80.81,80.81,80.81,80.81,75021,0
2026-04-07T09:30:00+05:30,80.81,80.81,79.1,80.81,410806,0
2026-04-07T09:45:00+05:30,80.81,80.81,80.81,80.81,9458,0
2026-04-07T10:00:00+05:30,80.81,80.81,80.81,80.81,2096,0
2026-04-07T10:15:00+05:30,80.81,80.81,80.81,80.81,8024,0
2026-04-07T10:30:00+05:30,80.81,80.81,80.81,80.81,1361,0
2026-04-07T10:45:00+05:30,80.81,80.81,80.81,80.81,2380,0
2026-04-07T11:00:00+05:30,80.81,80.81,80.81,80.81,5912,0
2026-04-07T11:15:00+05:30,80.81,80.81,80.81,80.81,2299,0
2026-04-07T11:30:00+05:30,80.81,80.81,80.81,80.81,953,0
2026-04-07T11:45:00+05:30,80.81,80.81,80.81,80.81,1922,0
2026-04-07T12:00:00+05:30,80.81,80.81,80.81,80.81,1040,0
2026-04-07T12:15:00+05:30,80.81,80.81,80.81,80.81,1623,0
2026-04-07T12:30:00+05:30,80.81,80.81,80.81,80.81,2081,0
2026-04-07T12:45:00+05:30,80.81,80.81,80.81,80.81,10832,0
2026-04-07T13:00:00+05:30,80.81,80.81,80.81,80.81,1157,0
2026-04-07T13:15:00+05:30,80.81,80.81,80.81,80.81,1033,0
2026-04-07T13:30:00+05:30,80.81,80.81,80.81,80.81,345,0
2026-04-07T13:45:00+05:30,80.81,80.81,80.81,80.81,4463,0
2026-04-07T14:00:00+05:30,80.81,80.81,80.81,80.81,2804,0
2026-04-07T14:15:00+05:30,80.81,80.81,80.81,80.81,3630,0
2026-04-07T14:30:00+05:30,80.81,80.81,80.81,80.81,19173,0
2026-04-07T14:45:00+05:30,80.81,80.81,80.81,80.81,1012,0
2026-04-07T15:00:00+05:30,80.81,80.81,80.81,80.81,4466,0
2026-04-07T15:15:00+05:30,80.81,80.81,80.81,80.81,7531,0
2026-04-08T09:15:00+05:30,84.85,84.85,84.85,84.85,44787,0
2026-04-08T09:30:00+05:30,84.85,84.85,84.85,84.85,12522,0
2026-04-08T09:45:00+05:30,84.85,84.85,84.85,84.85,9691,0
2026-04-08T10:00:00+05:30,84.85,84.85,84.85,84.85,10929,0
2026-04-08T10:15:00+05:30,84.85,84.85,84.85,84.85,7879,0
2026-04-08T10:30:00+05:30,84.85,84.85,84.85,84.85,7393,0
2026-04-08T10:45:00+05:30,84.85,84.85,84.85,84.85,6159,0
2026-04-08T11:00:00+05:30,84.85,84.85,84.85,84.85,10830,0
2026-04-08T11:15:00+05:30,84.85,84.85,84.85,84.85,4537,0
2026-04-08T11:30:00+05:30,84.85,84.85,84.85,84.85,7566,0
2026-04-08T11:45:00+05:30,84.85,84.85,84.85,84.85,6384,0
2026-04-08T12:00:00+05:30,84.85,84.85,84.85,84.85,6071,0
2026-04-08T12:15:00+05:30,84.85,84.85,84.85,84.85,4935,0
2026-04-08T12:30:00+05:30,84.85,84.85,84.85,84.85,5269,0
2026-04-08T12:45:00+05:30,84.85,84.85,84.85,84.85,5088,0
2026-04-08T13:00:00+05:30,84.85,84.85,84.85,84.85,4912,0
2026-04-08T13:15:00+05:30,84.85,84.85,84.85,84.85,4783,0
2026-04-08T13:30:00+05:30,84.85,84.85,84.85,84.85,8005,0
2026-04-08T13:45:00+05:30,84.85,84.85,84.85,84.85,6228,0
2026-04-08T14:00:00+05:30,84.85,84.85,84.85,84.85,7257,0
2026-04-08T14:15:00+05:30,84.85,84.85,84.85,84.85,5896,0
2026-04-08T14:30:00+05:30,84.85,84.85,84.85,84.85,7548,0
2026-04-08T14:45:00+05:30,84.85,84.85,84.85,84.85,5912,0
2026-04-08T15:00:00+05:30,84.85,84.85,84.85,84.85,9723,0
2026-04-08T15:15:00+05:30,84.85,84.85,84.85,84.85,11072,0
2026-04-09T09:15:00+05:30,89.09,89.09,89.09,89.09,66393,0
2026-04-09T09:30:00+05:30,89.09,89.09,89.09,89.09,9463,0
2026-04-09T09:45:00+05:30,89.09,89.09,89.09,89.09,9935,0
2026-04-09T10:00:00+05:30,89.09,89.09,89.09,89.09,7023,0
2026-04-09T10:15:00+05:30,89.09,89.09,89.09,89.09,2579,0
2026-04-09T10:30:00+05:30,89.09,89.09,89.09,89.09,3829,0
2026-04-09T10:45:00+05:30,89.09,89.09,89.09,89.09,5166,0
2026-04-09T11:00:00+05:30,89.09,89.09,89.09,89.09,1759,0
2026-04-09T11:15:00+05:30,89.09,89.09,89.09,89.09,1213,0
2026-04-09T11:30:00+05:30,89.09,89.09,89.09,89.09,705,0
2026-04-09T11:45:00+05:30,89.09,89.09,89.09,89.09,1306,0
2026-04-09T12:00:00+05:30,89.09,89.09,89.09,89.09,340,0
2026-04-09T12:15:00+05:30,89.09,89.09,89.09,89.09,1626,0
2026-04-09T12:30:00+05:30,89.09,89.09,89.09,89.09,1218,0
2026-04-09T12:45:00+05:30,89.09,89.09,89.09,89.09,1388,0
2026-04-09T13:00:00+05:30,89.09,89.09,89.09,89.09,804,0
2026-04-09T13:15:00+05:30,89.09,89.09,89.09,89.09,1756,0
2026-04-09T13:30:00+05:30,89.09,89.09,89.09,89.09,2516,0
2026-04-09T13:45:00+05:30,89.09,89.09,89.09,89.09,3110,0
2026-04-09T14:00:00+05:30,89.09,89.09,89.09,89.09,2091,0
2026-04-09T14:15:00+05:30,89.09,89.09,89.09,89.09,558,0
2026-04-09T14:30:00+05:30,89.09,89.09,89.09,89.09,916,0
2026-04-09T14:45:00+05:30,89.09,89.09,89.09,89.09,2772,0
2026-04-09T15:00:00+05:30,89.09,89.09,89.09,89.09,2301,0
2026-04-09T15:15:00+05:30,89.09,89.09,89.09,89.09,7394,0
2026-04-13T09:15:00+05:30,84.64,84.64,84.64,84.64,189456,0
2026-04-13T09:30:00+05:30,84.64,84.64,84.64,84.64,19196,0
2026-04-13T09:45:00+05:30,84.64,84.64,84.64,84.64,19340,0
2026-04-13T10:00:00+05:30,84.64,84.64,84.64,84.64,24251,0
2026-04-13T10:15:00+05:30,84.64,84.64,84.64,84.64,94910,0
2026-04-13T10:30:00+05:30,84.64,84.64,84.64,84.64,12271,0
2026-04-13T10:45:00+05:30,84.64,84.64,84.64,84.64,23488,0
2026-04-13T11:00:00+05:30,84.64,84.64,84.64,84.64,16677,0
2026-04-13T11:15:00+05:30,84.64,84.64,84.64,84.64,18925,0
2026-04-13T11:30:00+05:30,84.64,88.4,84.64,88.0,872110,0
2026-04-13T11:45:00+05:30,87.9,91.0,86.0,87.6,302178,0
2026-04-13T12:00:00+05:30,87.45,87.99,86.15,86.7,75565,0
2026-04-13T12:15:00+05:30,86.71,88.7,86.7,87.55,70996,0
2026-04-13T12:30:00+05:30,87.5,87.6,85.0,86.5,123894,0
2026-04-13T12:45:00+05:30,86.1,86.5,85.51,86.1,41013,0
2026-04-13T13:00:00+05:30,86.15,86.5,86.1,86.49,15144,0
2026-04-13T13:15:00+05:30,86.4,86.5,85.0,85.19,98989,0
2026-04-13T13:30:00+05:30,85.19,86.0,85.0,85.0,52598,0
2026-04-13T13:45:00+05:30,85.75,85.85,84.64,84.64,158399,0
2026-04-13T14:00:00+05:30,84.64,84.9,84.64,84.9,40906,0
2026-04-13T14:15:00+05:30,84.85,86.0,84.64,85.4,73813,0
2026-04-13T14:30:00+05:30,85.4,88.1,85.06,87.69,96865,0
2026-04-13T14:45:00+05:30,87.69,88.2,86.5,88.0,65656,0
2026-04-13T15:00:00+05:30,88.0,88.9,84.67,87.97,104634,0
2026-04-13T15:15:00+05:30,88.0,88.0,84.66,85.3,130846,0
2026-04-20T09:15:00+05:30,84.58,85.0,82.79,83.0,220370,0
2026-04-20T09:30:00+05:30,83.0,83.21,82.79,82.79,76250,0
2026-04-20T09:45:00+05:30,82.79,82.79,82.79,82.79,16312,0
2026-04-20T10:00:00+05:30,82.79,82.79,82.79,82.79,4278,0
2026-04-20T10:15:00+05:30,82.79,82.79,82.79,82.79,2507,0
2026-04-20T10:30:00+05:30,82.79,82.79,82.79,82.79,17941,0
2026-04-20T10:45:00+05:30,82.79,82.79,82.79,82.79,14095,0
2026-04-20T11:00:00+05:30,82.79,82.79,82.79,82.79,11847,0
2026-04-20T11:15:00+05:30,82.79,82.79,82.79,82.79,2058,0
2026-04-20T11:30:00+05:30,82.79,82.79,82.79,82.79,1777,0
2026-04-20T11:45:00+05:30,82.79,82.79,82.79,82.79,2388,0
2026-04-20T12:00:00+05:30,82.79,82.79,82.79,82.79,3296,0
2026-04-20T12:15:00+05:30,82.79,82.79,82.79,82.79,2157,0
2026-04-20T12:30:00+05:30,82.79,82.79,82.79,82.79,2292,0
2026-04-20T12:45:00+05:30,82.79,82.79,82.79,82.79,2689,0
2026-04-20T13:00:00+05:30,82.79,82.79,82.79,82.79,10277,0
2026-04-20T13:15:00+05:30,82.79,82.79,82.79,82.79,2266,0
2026-04-20T13:30:00+05:30,82.79,82.79,82.79,82.79,752,0
2026-04-20T13:45:00+05:30,82.79,82.79,82.79,82.79,1623,0
2026-04-20T14:00:00+05:30,82.79,82.79,82.79,82.79,413,0
2026-04-20T14:15:00+05:30,82.79,82.79,82.79,82.79,2286,0
2026-04-20T14:30:00+05:30,82.79,82.79,82.79,82.79,1935,0
2026-04-20T14:45:00+05:30,82.79,82.79,82.79,82.79,5389,0
2026-04-20T15:00:00+05:30,82.79,82.79,82.79,82.79,2061,0
2026-04-20T15:15:00+05:30,82.79,82.79,82.79,82.79,7272,0
2026-04-27T09:15:00+05:30,78.66,78.66,78.66,78.66,191473,0
2026-04-27T09:30:00+05:30,78.66,78.66,78.66,78.66,86512,0
2026-04-27T09:45:00+05:30,78.66,79.0,78.66,78.66,260178,0
2026-04-27T10:00:00+05:30,78.66,82.0,78.66,80.6,113123,0
2026-04-27T10:15:00+05:30,80.8,82.95,79.5,80.19,69089,0
2026-04-27T10:30:00+05:30,80.25,83.0,80.25,82.0,75493,0
2026-04-27T10:45:00+05:30,82.0,82.75,82.0,82.0,71150,0
2026-04-27T11:00:00+05:30,82.0,82.94,80.0,80.0,57457,0
2026-04-27T11:15:00+05:30,80.0,80.1,78.7,79.0,50890,0
2026-04-27T11:30:00+05:30,79.0,79.99,78.66,78.82,27372,0
2026-04-27T11:45:00+05:30,78.82,79.0,78.66,78.66,48446,0
2026-04-27T12:00:00+05:30,78.66,78.66,78.66,78.66,5804,0
2026-04-27T12:15:00+05:30,78.66,78.66,78.66,78.66,6466,0
2026-04-27T12:30:00+05:30,78.66,78.66,78.66,78.66,6550,0
2026-04-27T12:45:00+05:30,78.66,78.66,78.66,78.66,6992,0
2026-04-27T13:00:00+05:30,78.66,78.66,78.66,78.66,3566,0
2026-04-27T13:15:00+05:30,78.66,78.66,78.66,78.66,3946,0
2026-04-27T13:30:00+05:30,78.66,78.66,78.66,78.66,8738,0
2026-04-27T13:45:00+05:30,78.66,78.66,78.66,78.66,16125,0
2026-04-27T14:00:00+05:30,78.66,78.66,78.66,78.66,13339,0
2026-04-27T14:15:00+05:30,78.66,78.66,78.66,78.66,4441,0
2026-04-27T14:30:00+05:30,78.66,78.66,78.66,78.66,3625,0
2026-04-27T14:45:00+05:30,78.66,78.66,78.66,78.66,21980,0
2026-04-27T15:00:00+05:30,78.66,78.66,78.66,78.66,14936,0
2026-04-27T15:15:00+05:30,78.66,78.66,78.66,78.66,9235,0
2026-05-04T09:15:00+05:30,76.0,76.9,74.73,74.73,143005,0
2026-05-04T09:30:00+05:30,74.73,75.5,74.73,74.73,150535,0
2026-05-04T09:45:00+05:30,74.73,74.99,74.73,74.73,249936,0
2026-05-04T10:00:00+05:30,74.73,74.73,74.73,74.73,6825,0
2026-05-04T10:15:00+05:30,74.73,75.4,74.73,74.73,66561,0
2026-05-04T10:30:00+05:30,74.73,74.75,74.73,74.73,13253,0
2026-05-04T10:45:00+05:30,74.73,74.73,74.73,74.73,4497,0
2026-05-04T11:00:00+05:30,74.73,74.99,74.73,74.73,115947,0
2026-05-04T11:15:00+05:30,74.73,74.73,74.73,74.73,3873,0
2026-05-04T11:30:00+05:30,74.73,75.02,74.73,75.0,15630,0
2026-05-04T11:45:00+05:30,75.0,78.0,75.0,75.03,61037,0
2026-05-04T12:00:00+05:30,75.0,75.03,74.73,74.73,13096,0
2026-05-04T12:15:00+05:30,74.73,74.77,74.73,74.73,25986,0
2026-05-04T12:30:00+05:30,74.73,74.73,74.73,74.73,7045,0
2026-05-04T12:45:00+05:30,74.73,74.73,74.73,74.73,2218,0
2026-05-04T13:00:00+05:30,74.73,74.73,74.73,74.73,1253,0
2026-05-04T13:15:00+05:30,74.73,74.73,74.73,74.73,1347,0
2026-05-04T13:30:00+05:30,74.73,74.73,74.73,74.73,670,0
2026-05-04T13:45:00+05:30,74.73,74.73,74.73,74.73,857,0
2026-05-04T14:00:00+05:30,74.73,74.73,74.73,74.73,5161,0
2026-05-04T14:15:00+05:30,74.73,74.73,74.73,74.73,20474,0
2026-05-04T14:30:00+05:30,74.73,74.73,74.73,74.73,13202,0
2026-05-04T14:45:00+05:30,74.73,74.73,74.73,74.73,18776,0
2026-05-04T15:00:00+05:30,74.73,74.73,74.73,74.73,21385,0
2026-05-04T15:15:00+05:30,74.73,74.73,74.73,74.73,16560,0
2026-05-11T09:15:00+05:30,71.0,71.0,71.0,71.0,149273,0
2026-05-11T09:30:00+05:30,71.0,71.0,71.0,71.0,14338,0
2026-05-11T09:45:00+05:30,71.0,71.0,71.0,71.0,7429,0
2026-05-11T10:00:00+05:30,71.0,71.0,71.0,71.0,3232,0
2026-05-11T10:15:00+05:30,71.0,71.0,71.0,71.0,2396,0
2026-05-11T10:30:00+05:30,71.0,71.0,71.0,71.0,18829,0
2026-05-11T10:45:00+05:30,71.0,71.0,71.0,71.0,6753,0
2026-05-11T11:00:00+05:30,71.0,71.0,71.0,71.0,2052,0
2026-05-11T11:15:00+05:30,71.0,71.0,71.0,71.0,1026,0
2026-05-11T11:30:00+05:30,71.0,71.0,71.0,71.0,6808,0
2026-05-11T11:45:00+05:30,71.0,71.0,71.0,71.0,3272,0
2026-05-11T12:00:00+05:30,71.0,71.0,71.0,71.0,2075,0
2026-05-11T12:15:00+05:30,71.0,71.0,71.0,71.0,7443,0
2026-05-11T12:30:00+05:30,71.0,71.0,71.0,71.0,1344,0
2026-05-11T12:45:00+05:30,71.0,71.0,71.0,71.0,1916,0
2026-05-11T13:00:00+05:30,71.0,71.0,71.0,71.0,1225,0
2026-05-11T13:15:00+05:30,71.0,71.0,71.0,71.0,1099,0
2026-05-11T13:30:00+05:30,71.0,71.0,71.0,71.0,20782,0
2026-05-11T13:45:00+05:30,71.0,71.0,71.0,71.0,3385,0
2026-05-11T14:00:00+05:30,71.0,71.0,71.0,71.0,2324,0
2026-05-11T14:15:00+05:30,71.0,71.0,71.0,71.0,2014,0
2026-05-11T14:30:00+05:30,71.0,71.0,71.0,71.0,2395,0
2026-05-11T14:45:00+05:30,71.0,71.0,71.0,71.0,559,0
2026-05-11T15:00:00+05:30,71.0,71.0,71.0,71.0,30019,0
2026-05-11T15:15:00+05:30,71.0,71.0,71.0,71.0,5907,0
2026-05-18T09:15:00+05:30,67.45,67.45,67.45,67.45,71779,0
2026-05-18T09:30:00+05:30,67.45,67.45,67.45,67.45,68519,0
2026-05-18T09:45:00+05:30,67.45,67.45,67.45,67.45,2451,0
2026-05-18T10:00:00+05:30,67.45,67.45,67.45,67.45,10960,0
2026-05-18T10:15:00+05:30,67.45,67.45,67.45,67.45,39853,0
2026-05-18T10:30:00+05:30,67.45,67.45,67.45,67.45,4347,0
2026-05-18T10:45:00+05:30,67.45,67.45,67.45,67.45,1198,0
2026-05-18T11:00:00+05:30,67.45,67.45,67.45,67.45,4236,0
2026-05-18T11:15:00+05:30,67.45,67.45,67.45,67.45,14967,0
2026-05-18T11:30:00+05:30,67.45,67.45,67.45,67.45,2342,0
2026-05-18T11:45:00+05:30,67.45,67.45,67.45,67.45,3935,0
2026-05-18T12:00:00+05:30,67.45,67.45,67.45,67.45,2606,0
2026-05-18T12:15:00+05:30,67.45,67.45,67.45,67.45,400,0
2026-05-18T12:30:00+05:30,67.45,67.45,67.45,67.45,65537,0
2026-05-18T12:45:00+05:30,67.45,67.45,67.45,67.45,45890,0
2026-05-18T13:00:00+05:30,67.45,67.45,67.45,67.45,300,0
2026-05-18T13:15:00+05:30,67.45,67.45,67.45,67.45,790,0
2026-05-18T13:30:00+05:30,67.45,67.45,67.45,67.45,726,0
2026-05-18T13:45:00+05:30,67.45,67.45,67.45,67.45,709,0
2026-05-18T14:00:00+05:30,67.45,67.45,67.45,67.45,4099,0
2026-05-18T14:15:00+05:30,67.45,67.45,67.45,67.45,7680,0
2026-05-18T14:30:00+05:30,67.45,67.45,67.45,67.45,1270,0
2026-05-18T14:45:00+05:30,67.45,67.45,67.45,67.45,8227,0
2026-05-18T15:00:00+05:30,67.45,67.45,67.45,67.45,27717,0
2026-05-18T15:15:00+05:30,67.45,67.45,67.45,67.45,35850,0
2026-05-25T09:15:00+05:30,64.08,64.08,64.08,64.08,211323,0
2026-05-25T09:30:00+05:30,64.08,64.08,64.08,64.08,43227,0
2026-05-25T09:45:00+05:30,64.08,64.08,64.08,64.08,11910,0
2026-05-25T10:00:00+05:30,64.08,64.08,64.08,64.08,19784,0
2026-05-25T10:15:00+05:30,64.08,64.08,64.08,64.08,29499,0
2026-05-25T10:30:00+05:30,64.08,64.08,64.08,64.08,18243,0
2026-05-25T10:45:00+05:30,64.08,64.08,64.08,64.08,10998,0
2026-05-25T11:00:00+05:30,64.08,64.08,64.08,64.08,8854,0
2026-05-25T11:15:00+05:30,64.08,64.08,64.08,64.08,6886,0
2026-05-25T11:30:00+05:30,64.08,64.08,64.08,64.08,11279,0
2026-05-25T11:45:00+05:30,64.08,64.08,64.08,64.08,12311,0
2026-05-25T12:00:00+05:30,64.08,64.08,64.08,64.08,6369,0
2026-05-25T12:15:00+05:30,64.08,64.08,64.08,64.08,4698,0
2026-05-25T12:30:00+05:30,64.08,64.08,64.08,64.08,2587,0
2026-05-25T12:45:00+05:30,64.08,64.08,64.08,64.08,2200,0
2026-05-25T13:00:00+05:30,64.08,64.08,64.08,64.08,3984,0
2026-05-25T13:15:00+05:30,64.08,64.08,64.08,64.08,2330,0
2026-05-25T13:30:00+05:30,64.08,64.08,64.08,64.08,1184,0
2026-05-25T13:45:00+05:30,64.08,64.08,64.08,64.08,5392,0
2026-05-25T14:00:00+05:30,64.08,64.08,64.08,64.08,3509,0
2026-05-25T14:15:00+05:30,64.08,64.08,64.08,64.08,1557,0
2026-05-25T14:30:00+05:30,64.08,64.08,64.08,64.08,4499,0
2026-05-25T14:45:00+05:30,64.08,64.08,64.08,64.08,8730,0
2026-05-25T15:00:00+05:30,64.08,64.08,64.08,64.08,4735,0
2026-05-25T15:15:00+05:30,64.08,64.08,64.08,64.08,14075,0
2026-06-01T09:15:00+05:30,64.11,67.28,64.11,67.28,1419853,0
2026-06-01T09:30:00+05:30,67.28,67.28,65.0,67.28,717890,0
2026-06-01T09:45:00+05:30,67.28,67.28,67.28,67.28,15238,0
2026-06-01T10:00:00+05:30,67.28,67.28,67.28,67.28,77722,0
2026-06-01T10:15:00+05:30,67.28,67.28,67.28,67.28,59773,0
2026-06-01T10:30:00+05:30,67.28,67.28,67.28,67.28,6466,0
2026-06-01T10:45:00+05:30,67.28,67.28,67.28,67.28,5377,0
2026-06-01T11:00:00+05:30,67.28,67.28,67.28,67.28,4024,0
2026-06-01T11:15:00+05:30,67.28,67.28,67.28,67.28,2174,0
2026-06-01T11:30:00+05:30,67.28,67.28,67.28,67.28,10498,0
2026-06-01T11:45:00+05:30,67.28,67.28,67.28,67.28,3042,0
2026-06-01T12:00:00+05:30,67.28,67.28,67.28,67.28,1615,0
2026-06-01T12:15:00+05:30,67.28,67.28,67.28,67.28,3049,0
2026-06-01T12:30:00+05:30,67.28,67.28,67.28,67.28,7832,0
2026-06-01T12:45:00+05:30,67.28,67.28,67.28,67.28,2009,0
2026-06-01T13:00:00+05:30,67.28,67.28,67.28,67.28,2274,0
2026-06-01T13:15:00+05:30,67.28,67.28,67.28,67.28,2952,0
2026-06-01T13:30:00+05:30,67.28,67.28,67.28,67.28,17402,0
2026-06-01T13:45:00+05:30,67.28,67.28,67.28,67.28,1802,0
2026-06-01T14:00:00+05:30,67.28,67.28,67.28,67.28,2602,0
2026-06-01T14:15:00+05:30,67.28,67.28,67.28,67.28,3302,0
2026-06-01T14:30:00+05:30,67.28,67.28,67.28,67.28,12148,0
2026-06-01T14:45:00+05:30,67.28,67.28,67.28,67.28,16346,0
2026-06-01T15:00:00+05:30,67.28,67.28,67.28,67.28,3037,0
2026-06-01T15:15:00+05:30,67.28,67.28,67.28,67.28,3135,0
2026-06-02T09:15:00+05:30,68.1,70.64,67.3,70.64,378577,0
2026-06-02T09:30:00+05:30,70.64,70.64,70.64,70.64,3816,0
2026-06-02T09:45:00+05:30,70.64,70.64,70.64,70.64,2097,0
2026-06-02T10:00:00+05:30,70.64,70.64,70.64,70.64,682,0
2026-06-02T10:15:00+05:30,70.64,70.64,70.64,70.64,3530,0
2026-06-02T10:30:00+05:30,70.64,70.64,70.64,70.64,4071,0
2026-06-02T10:45:00+05:30,70.64,70.64,70.64,70.64,594,0
2026-06-02T11:00:00+05:30,70.64,70.64,70.64,70.64,866,0
2026-06-02T11:15:00+05:30,70.64,70.64,70.64,70.64,2597,0
2026-06-02T11:30:00+05:30,70.64,70.64,70.64,70.64,10916,0
2026-06-02T11:45:00+05:30,70.64,70.64,70.64,70.64,1379,0
2026-06-02T12:00:00+05:30,70.64,70.64,70.64,70.64,442,0
2026-06-02T12:15:00+05:30,70.64,70.64,70.64,70.64,2666,0
2026-06-02T12:30:00+05:30,70.64,70.64,70.64,70.64,902,0
2026-06-02T12:45:00+05:30,70.64,70.64,70.64,70.64,423,0
2026-06-02T13:00:00+05:30,70.64,70.64,70.64,70.64,1206,0
2026-06-02T13:15:00+05:30,70.64,70.64,70.64,70.64,238,0
2026-06-02T13:30:00+05:30,70.64,70.64,70.64,70.64,544,0
2026-06-02T13:45:00+05:30,70.64,70.64,70.64,70.64,2557,0
2026-06-02T14:00:00+05:30,70.64,70.64,70.64,70.64,1383,0
2026-06-02T14:15:00+05:30,70.64,70.64,70.64,70.64,823,0
2026-06-02T14:30:00+05:30,70.64,70.64,70.64,70.64,567,0
2026-06-02T14:45:00+05:30,70.64,70.64,70.64,70.64,552,0
2026-06-02T15:00:00+05:30,70.64,70.64,70.64,70.64,1833,0
2026-06-02T15:15:00+05:30,70.64,70.64,70.64,70.64,1167,0
2026-06-03T09:15:00+05:30,74.17,74.17,74.17,74.17,94739,0
2026-06-03T09:30:00+05:30,74.17,74.17,74.17,74.17,6805,0
2026-06-03T09:45:00+05:30,74.17,74.17,74.17,74.17,3404,0
2026-06-03T10:00:00+05:30,74.17,74.17,74.17,74.17,901,0
2026-06-03T10:15:00+05:30,74.17,74.17,74.17,74.17,684,0
2026-06-03T10:30:00+05:30,74.17,74.17,74.17,74.17,2583,0
2026-06-03T10:45:00+05:30,74.17,74.17,74.17,74.17,3917,0
2026-06-03T11:00:00+05:30,74.17,74.17,74.17,74.17,3682,0
2026-06-03T11:15:00+05:30,74.17,74.17,74.17,74.17,216,0
2026-06-03T11:30:00+05:30,74.17,74.17,74.17,74.17,406,0
2026-06-03T11:45:00+05:30,74.17,74.17,74.17,74.17,271,0
2026-06-03T12:00:00+05:30,74.17,74.17,74.17,74.17,2136,0
2026-06-03T12:15:00+05:30,74.17,74.17,74.17,74.17,1737,0
2026-06-03T12:30:00+05:30,74.17,74.17,74.17,74.17,291,0
2026-06-03T12:45:00+05:30,74.17,74.17,74.17,74.17,2298,0
2026-06-03T13:00:00+05:30,74.17,74.17,74.17,74.17,269,0
2026-06-03T13:15:00+05:30,74.17,74.17,74.17,74.17,153,0
2026-06-03T13:30:00+05:30,74.17,74.17,74.17,74.17,132,0
2026-06-03T13:45:00+05:30,74.17,74.17,74.17,74.17,282,0
2026-06-03T14:00:00+05:30,74.17,74.17,74.17,74.17,885,0
2026-06-03T14:15:00+05:30,74.17,74.17,74.17,74.17,164,0
2026-06-03T14:30:00+05:30,74.17,74.17,74.17,74.17,1576,0
2026-06-03T14:45:00+05:30,74.17,74.17,74.17,74.17,325,0
2026-06-03T15:00:00+05:30,74.17,74.17,74.17,74.17,723,0
2026-06-03T15:15:00+05:30,74.17,74.17,74.17,74.17,1317,0
2026-06-04T09:15:00+05:30,77.87,77.87,77.87,77.87,912230,0
2026-06-04T09:30:00+05:30,77.87,77.87,77.87,77.87,57208,0
2026-06-04T09:45:00+05:30,77.87,77.87,77.87,77.87,7125,0
2026-06-04T10:00:00+05:30,77.87,77.87,77.87,77.87,606,0
2026-06-04T10:15:00+05:30,77.87,77.87,77.87,77.87,686,0
2026-06-04T10:30:00+05:30,77.87,77.87,77.87,77.87,2185,0
2026-06-04T10:45:00+05:30,77.87,77.87,77.87,77.87,6315,0
2026-06-04T11:00:00+05:30,77.87,77.87,77.87,77.87,86,0
2026-06-04T11:15:00+05:30,77.87,77.87,77.87,77.87,330,0
2026-06-04T11:30:00+05:30,77.87,77.87,77.87,77.87,113,0
2026-06-04T11:45:00+05:30,77.87,77.87,77.87,77.87,519,0
2026-06-04T12:00:00+05:30,77.87,77.87,77.87,77.87,1615,0
2026-06-04T12:15:00+05:30,77.87,77.87,77.87,77.87,287,0
2026-06-04T12:30:00+05:30,77.87,77.87,77.87,77.87,1949,0
2026-06-04T12:45:00+05:30,77.87,77.87,77.87,77.87,3230,0
2026-06-04T13:00:00+05:30,77.87,77.87,77.87,77.87,198,0
2026-06-04T13:15:00+05:30,77.87,77.87,77.87,77.87,2529,0
2026-06-04T13:30:00+05:30,77.87,77.87,77.87,77.87,254,0
2026-06-04T13:45:00+05:30,77.87,77.87,77.87,77.87,4530,0
2026-06-04T14:00:00+05:30,77.87,77.87,77.87,77.87,341,0
2026-06-04T14:15:00+05:30,77.87,77.87,77.87,77.87,355,0
2026-06-04T14:30:00+05:30,77.87,77.87,77.87,77.87,10402,0
2026-06-04T14:45:00+05:30,77.87,77.87,77.87,77.87,339,0
2026-06-04T15:00:00+05:30,77.87,77.87,77.87,77.87,2544,0
2026-06-04T15:15:00+05:30,77.87,77.87,77.87,77.87,14453,0
2026-06-05T09:15:00+05:30,81.76,81.76,78.58,81.76,818241,0
2026-06-05T09:30:00+05:30,81.76,81.76,81.76,81.76,17922,0
2026-06-05T09:45:00+05:30,81.76,81.76,81.76,81.76,21617,0
2026-06-05T10:00:00+05:30,81.76,81.76,81.76,81.76,7376,0
2026-06-05T10:15:00+05:30,81.76,81.76,81.76,81.76,2380,0
2026-06-05T10:30:00+05:30,81.76,81.76,81.6,81.76,372244,0
2026-06-05T10:45:00+05:30,81.76,81.76,81.6,81.76,48243,0
2026-06-05T11:00:00+05:30,81.76,81.76,81.76,81.76,4653,0
2026-06-05T11:15:00+05:30,81.76,81.76,81.76,81.76,2530,0
2026-06-05T11:30:00+05:30,81.76,81.76,81.76,81.76,3430,0
2026-06-05T11:45:00+05:30,81.76,81.76,81.76,81.76,166447,0
2026-06-05T12:00:00+05:30,81.76,81.76,80.0,81.76,125044,0
2026-06-05T12:15:00+05:30,81.76,81.76,81.76,81.76,4110,0
2026-06-05T12:30:00+05:30,81.76,81.76,81.76,81.76,5203,0
2026-06-05T12:45:00+05:30,81.76,81.76,81.76,81.76,1768,0
2026-06-05T13:00:00+05:30,81.76,81.76,81.76,81.76,1601,0
2026-06-05T13:15:00+05:30,81.76,81.76,81.76,81.76,21334,0
2026-06-05T13:30:00+05:30,81.76,81.76,81.76,81.76,11115,0
2026-06-05T13:45:00+05:30,81.76,81.76,81.76,81.76,1680,0
2026-06-05T14:00:00+05:30,81.76,81.76,81.76,81.76,3495,0
2026-06-05T14:15:00+05:30,81.76,81.76,81.76,81.76,857,0
2026-06-05T14:30:00+05:30,81.76,81.76,81.76,81.76,502,0
2026-06-05T14:45:00+05:30,81.76,81.76,81.76,81.76,2034,0
2026-06-05T15:00:00+05:30,81.76,81.76,81.76,81.76,2667,0
2026-06-05T15:15:00+05:30,81.76,81.76,81.76,81.76,18800,0
2026-06-08T09:15:00+05:30,84.99,85.84,83.4,85.84,703264,0
2026-06-08T09:30:00+05:30,85.84,85.84,85.84,85.84,31232,0
2026-06-08T09:45:00+05:30,85.84,85.84,85.84,85.84,8062,0
2026-06-08T10:00:00+05:30,85.84,85.84,85.84,85.84,2872,0
2026-06-08T10:15:00+05:30,85.84,85.84,85.84,85.84,4235,0
2026-06-08T10:30:00+05:30,85.84,85.84,85.84,85.84,814,0
2026-06-08T10:45:00+05:30,85.84,85.84,85.84,85.84,1628,0
2026-06-08T11:00:00+05:30,85.84,85.84,85.84,85.84,3166,0
2026-06-08T11:15:00+05:30,85.84,85.84,85.84,85.84,5212,0
2026-06-08T11:30:00+05:30,85.84,85.84,85.84,85.84,2077,0
2026-06-08T11:45:00+05:30,85.84,85.84,85.84,85.84,1025,0
2026-06-08T12:00:00+05:30,85.84,85.84,85.84,85.84,1727,0
2026-06-08T12:15:00+05:30,85.84,85.84,85.84,85.84,1125,0
2026-06-08T12:30:00+05:30,85.84,85.84,85.84,85.84,5598,0
2026-06-08T12:45:00+05:30,85.84,85.84,85.84,85.84,1002,0
2026-06-08T13:00:00+05:30,85.84,85.84,85.84,85.84,5465,0
2026-06-08T13:15:00+05:30,85.84,85.84,85.84,85.84,428,0
2026-06-08T13:30:00+05:30,85.84,85.84,85.84,85.84,841,0
2026-06-08T13:45:00+05:30,85.84,85.84,85.84,85.84,1662,0
2026-06-08T14:00:00+05:30,85.84,85.84,85.84,85.84,21730,0
2026-06-08T14:15:00+05:30,85.84,85.84,85.84,85.84,1930,0
2026-06-08T14:30:00+05:30,85.84,85.84,85.84,85.84,1126,0
2026-06-08T14:45:00+05:30,85.84,85.84,85.84,85.84,1298,0
2026-06-08T15:00:00+05:30,85.84,85.84,85.84,85.84,3516,0
2026-06-08T15:15:00+05:30,85.84,85.84,85.84,85.84,4446,0
2026-06-15T09:15:00+05:30,81.55,81.55,81.55,81.55,63657,0
2026-06-15T09:30:00+05:30,81.55,81.55,81.55,81.55,9989,0
2026-06-15T09:45:00+05:30,81.55,81.55,81.55,81.55,11276,0
2026-06-15T10:00:00+05:30,81.55,81.55,81.55,81.55,4747,0
2026-06-15T10:15:00+05:30,81.55,81.55,81.55,81.55,2547,0
2026-06-15T10:30:00+05:30,81.55,81.55,81.55,81.55,2954,0
2026-06-15T10:45:00+05:30,81.55,81.55,81.55,81.55,6981,0
2026-06-15T11:00:00+05:30,81.55,81.55,81.55,81.55,13974,0
2026-06-15T11:15:00+05:30,81.55,81.55,81.55,81.55,1334,0
2026-06-15T11:30:00+05:30,81.55,81.55,81.55,81.55,1525,0
2026-06-15T11:45:00+05:30,81.55,81.55,81.55,81.55,1383,0
2026-06-15T12:00:00+05:30,81.55,81.55,81.55,81.55,234,0
2026-06-15T12:15:00+05:30,81.55,81.55,81.55,81.55,950,0
2026-06-15T12:30:00+05:30,81.55,81.55,81.55,81.55,870,0
2026-06-15T12:45:00+05:30,81.55,81.55,81.55,81.55,541,0
2026-06-15T13:00:00+05:30,81.55,81.55,81.55,81.55,4604,0
2026-06-15T13:15:00+05:30,81.55,81.55,81.55,81.55,1313,0
2026-06-15T13:30:00+05:30,81.55,81.55,81.55,81.55,1673,0
2026-06-15T13:45:00+05:30,81.55,81.55,81.55,81.55,672,0
2026-06-15T14:00:00+05:30,81.55,81.55,81.55,81.55,1391,0
2026-06-15T14:15:00+05:30,81.55,81.55,81.55,81.55,524,0
2026-06-15T14:30:00+05:30,81.55,81.55,81.55,81.55,7020,0
2026-06-15T14:45:00+05:30,81.55,81.55,81.55,81.55,4775,0
2026-06-15T15:00:00+05:30,81.55,81.55,81.55,81.55,12428,0
2026-06-15T15:15:00+05:30,81.55,81.55,81.55,81.55,16674,0
2026-06-22T09:15:00+05:30,77.48,77.48,77.48,77.48,57593,0
2026-06-22T09:30:00+05:30,77.48,81.55,77.48,80.59,807887,0
2026-06-22T09:45:00+05:30,78.5,80.99,77.48,78.0,110332,0
2026-06-22T10:00:00+05:30,79.8,80.5,78.12,79.0,78579,0
2026-06-22T10:15:00+05:30,79.11,81.0,77.49,79.1,193490,0
2026-06-22T10:30:00+05:30,79.5,81.0,78.0,78.1,60532,0
2026-06-22T10:45:00+05:30,78.02,79.99,77.59,77.61,51792,0
2026-06-22T11:00:00+05:30,77.62,79.85,77.49,77.81,67988,0
2026-06-22T11:15:00+05:30,77.49,77.81,77.48,77.48,52002,0
2026-06-22T11:30:00+05:30,77.48,79.0,77.48,77.6,48559,0
2026-06-22T11:45:00+05:30,77.63,80.0,77.48,77.5,37318,0
2026-06-22T12:00:00+05:30,77.5,78.0,77.48,77.48,38400,0
2026-06-22T12:15:00+05:30,77.48,77.48,77.48,77.48,103415,0
2026-06-22T12:30:00+05:30,77.48,78.5,77.48,77.5,118725,0
2026-06-22T12:45:00+05:30,78.5,79.0,77.48,77.5,68879,0
2026-06-22T13:00:00+05:30,77.49,77.5,77.48,77.48,28314,0
2026-06-22T13:15:00+05:30,77.48,77.48,77.48,77.48,3581,0
2026-06-22T13:30:00+05:30,77.48,77.48,77.48,77.48,2541,0
2026-06-22T13:45:00+05:30,77.48,77.48,77.48,77.48,4543,0
2026-06-22T14:00:00+05:30,77.48,77.49,77.48,77.48,40607,0
2026-06-22T14:15:00+05:30,77.48,77.48,77.48,77.48,4001,0
2026-06-22T14:30:00+05:30,77.48,77.48,77.48,77.48,2706,0
2026-06-22T14:45:00+05:30,77.48,77.48,77.48,77.48,14679,0
2026-06-22T15:00:00+05:30,77.48,77.48,77.48,77.48,12595,0
2026-06-22T15:15:00+05:30,77.48,77.48,77.48,77.48,64785,0
2026-06-29T09:15:00+05:30,73.61,73.61,73.61,73.61,138539,0
2026-06-29T09:30:00+05:30,73.61,73.61,73.61,73.61,5194,0
2026-06-29T09:45:00+05:30,73.61,73.61,73.61,73.61,4780,0
2026-06-29T10:00:00+05:30,73.61,73.61,73.61,73.61,1918,0
2026-06-29T10:15:00+05:30,73.61,73.61,73.61,73.61,1332,0
2026-06-29T10:30:00+05:30,73.61,73.61,73.61,73.61,1106,0
2026-06-29T10:45:00+05:30,73.61,73.61,73.61,73.61,2364,0
2026-06-29T11:00:00+05:30,73.61,73.61,73.61,73.61,346,0
2026-06-29T11:15:00+05:30,73.61,73.61,73.61,73.61,74,0
2026-06-29T11:30:00+05:30,73.61,73.61,73.61,73.61,940,0
2026-06-29T11:45:00+05:30,73.61,73.61,73.61,73.61,298,0
2026-06-29T12:00:00+05:30,73.61,73.61,73.61,73.61,301,0
2026-06-29T12:15:00+05:30,73.61,73.61,73.61,73.61,423,0
2026-06-29T12:30:00+05:30,73.61,73.61,73.61,73.61,1260,0
2026-06-29T12:45:00+05:30,73.61,73.61,73.61,73.61,180,0
2026-06-29T13:00:00+05:30,73.61,73.61,73.61,73.61,371,0
2026-06-29T13:15:00+05:30,73.61,73.61,73.61,73.61,336,0
2026-06-29T13:30:00+05:30,73.61,73.61,73.61,73.61,506,0
2026-06-29T13:45:00+05:30,73.61,73.61,73.61,73.61,1481,0
2026-06-29T14:00:00+05:30,73.61,73.61,73.61,73.61,1844,0
2026-06-29T14:15:00+05:30,73.61,73.61,73.61,73.61,1777,0
2026-06-29T14:30:00+05:30,73.61,73.61,73.61,73.61,184,0
2026-06-29T14:45:00+05:30,73.61,73.61,73.61,73.61,202,0
2026-06-29T15:00:00+05:30,73.61,73.61,73.61,73.61,6878,0
2026-06-29T15:15:00+05:30,73.61,73.61,73.61,73.61,7041,0
2026-07-06T09:15:00+05:30,69.93,69.93,69.93,69.93,140586,0
2026-07-06T09:30:00+05:30,69.93,69.93,69.93,69.93,5897,0
2026-07-06T09:45:00+05:30,69.93,69.93,69.93,69.93,5866,0
2026-07-06T10:00:00+05:30,69.93,69.93,69.93,69.93,4123,0
2026-07-06T10:15:00+05:30,69.93,69.93,69.93,69.93,6672,0
2026-07-06T10:30:00+05:30,69.93,69.93,69.93,69.93,1454,0
2026-07-06T10:45:00+05:30,69.93,69.93,69.93,69.93,6267,0
2026-07-06T11:00:00+05:30,69.93,69.93,69.93,69.93,2618,0
2026-07-06T11:15:00+05:30,69.93,69.93,69.93,69.93,623,0
2026-07-06T11:30:00+05:30,69.93,69.93,69.93,69.93,11441,0
2026-07-06T11:45:00+05:30,69.93,69.93,69.93,69.93,902,0
2026-07-06T12:00:00+05:30,69.93,69.93,69.93,69.93,1861,0
2026-07-06T12:15:00+05:30,69.93,69.93,69.93,69.93,1646,0
2026-07-06T12:30:00+05:30,69.93,69.93,69.93,69.93,78,0
2026-07-06T12:45:00+05:30,69.93,69.93,69.93,69.93,1605,0
2026-07-06T13:00:00+05:30,69.93,69.93,69.93,69.93,3849,0
2026-07-06T13:15:00+05:30,69.93,69.93,69.93,69.93,1710,0
2026-07-06T13:30:00+05:30,69.93,69.93,69.93,69.93,207,0
2026-07-06T13:45:00+05:30,69.93,69.93,69.93,69.93,197,0
2026-07-06T14:00:00+05:30,69.93,69.93,69.93,69.93,1818,0
2026-07-06T14:15:00+05:30,69.93,69.93,69.93,69.93,1540,0
2026-07-06T14:30:00+05:30,69.93,69.93,69.93,69.93,297,0
2026-07-06T14:45:00+05:30,69.93,69.93,69.93,69.93,153,0
2026-07-06T15:00:00+05:30,69.93,69.93,69.93,69.93,1081,0
2026-07-06T15:15:00+05:30,69.93,69.93,69.93,69.93,7742,0
2026-07-13T09:15:00+05:30,66.44,66.44,66.44,66.44,279022,0
2026-07-13T09:30:00+05:30,66.44,66.44,66.44,66.44,29682,0
2026-07-13T09:45:00+05:30,66.44,66.44,66.44,66.44,13019,0
2026-07-13T10:00:00+05:30,66.44,66.44,66.44,66.44,17048,0
2026-07-13T10:15:00+05:30,66.44,66.44,66.44,66.44,3075,0
2026-07-13T10:30:00+05:30,66.44,66.44,66.44,66.44,3896,0
2026-07-13T10:45:00+05:30,66.44,66.44,66.44,66.44,5645,0
2026-07-13T11:00:00+05:30,66.44,66.44,66.44,66.44,23418,0
2026-07-13T11:15:00+05:30,66.44,66.44,66.44,66.44,7159,0
2026-07-13T11:30:00+05:30,66.44,66.44,66.44,66.44,4788,0
2026-07-13T11:45:00+05:30,66.44,66.44,66.44,66.44,10213,0
2026-07-13T12:00:00+05:30,66.44,66.44,66.44,66.44,3145,0
2026-07-13T12:15:00+05:30,66.44,66.44,66.44,66.44,24563,0
2026-07-13T12:30:00+05:30,66.44,66.44,66.44,66.44,1345,0
2026-07-13T12:45:00+05:30,66.44,66.44,66.44,66.44,32219,0
2026-07-13T13:00:00+05:30,66.44,66.44,66.44,66.44,6628,0
2026-07-13T13:15:00+05:30,66.44,66.44,66.44,66.44,39335,0
2026-07-13T13:30:00+05:30,66.44,66.44,66.44,66.44,66576,0
2026-07-13T13:45:00+05:30,66.44,66.44,66.44,66.44,117625,0
2026-07-13T14:00:00+05:30,66.44,66.44,66.44,66.44,23284,0
2026-07-13T14:15:00+05:30,66.44,66.44,66.44,66.44,11301,0
2026-07-13T14:30:00+05:30,66.44,66.44,66.44,66.44,7720,0
2026-07-13T14:45:00+05:30,66.44,66.44,66.44,66.44,102797,0
2026-07-13T15:00:00+05:30,66.44,66.44,66.44,66.44,55070,0
2026-07-13T15:15:00+05:30,66.44,66.44,66.44,66.44,65914,0
2026-07-20T09:15:00+05:30,63.12,67.88,63.12,67.87,1209529,0
2026-07-20T09:30:00+05:30,67.69,67.88,64.0,64.3,127323,0
2026-07-20T09:45:00+05:30,64.3,65.0,63.14,63.5,105221,0
2026-07-20T10:00:00+05:30,63.5,64.3,63.12,63.12,155470,0
2026-07-20T10:15:00+05:30,63.2,64.99,63.12,63.52,74390,0
2026-07-20T10:30:00+05:30,63.52,64.99,63.12,63.12,130065,0
2026-07-20T10:45:00+05:30,63.12,63.12,63.12,63.12,36887,0
2026-07-20T11:00:00+05:30,63.12,63.12,63.12,63.12,25555,0
2026-07-20T11:15:00+05:30,63.12,63.12,63.12,63.12,34029,0
2026-07-20T11:30:00+05:30,63.12,63.12,63.12,63.12,10684,0
2026-07-20T11:45:00+05:30,63.12,63.12,63.12,63.12,4837,0
2026-07-20T12:00:00+05:30,63.12,63.12,63.12,63.12,5225,0
2026-07-20T12:15:00+05:30,63.12,63.12,63.12,63.12,10826,0
2026-07-20T12:30:00+05:30,63.12,63.12,63.12,63.12,2187,0
2026-07-20T12:45:00+05:30,63.12,63.12,63.12,63.12,3233,0
2026-07-20T13:00:00+05:30,63.12,63.12,63.12,63.12,13290,0
2026-07-20T13:15:00+05:30,63.12,63.12,63.12,63.12,9547,0
2026-07-20T13:30:00+05:30,63.12,63.12,63.12,63.12,2460,0
2026-07-20T13:45:00+05:30,63.12,63.12,63.12,63.12,10181,0
2026-07-20T14:00:00+05:30,63.12,63.12,63.12,63.12,35271,0
2026-07-20T14:15:00+05:30,63.12,64.99,63.12,64.5,169141,0
2026-07-20T14:30:00+05:30,64.5,64.5,63.25,63.55,26068,0
2026-07-20T14:45:00+05:30,63.55,64.99,63.5,64.0,49617,0
2026-07-20T15:00:00+05:30,64.0,64.01,63.12,63.12,49600,0
2026-07-20T15:15:00+05:30,63.12,63.51,63.12,63.12,31141,0
2026-07-27T09:15:00+05:30,60.04,63.0,60.04,62.99,732580,0
2026-07-27T09:30:00+05:30,62.99,63.0,60.44,60.5,98597,0
2026-07-27T09:45:00+05:30,60.5,60.9,60.12,60.55,67622,0
2026-07-27T10:00:00+05:30,60.55,60.75,60.4,60.51,34742,0
2026-07-27T10:15:00+05:30,60.75,61.74,60.51,61.04,35675,0
2026-07-27T10:30:00+05:30,61.01,61.56,60.5,60.51,21649,0
2026-07-27T10:45:00+05:30,60.51,62.2,60.51,61.6,19597,0
2026-07-27T11:00:00+05:30,61.6,62.6,61.6,62.5,22064,0
2026-07-27T11:15:00+05:30,62.51,63.19,61.61,62.12,43298,0
2026-07-27T11:30:00+05:30,62.14,63.19,62.0,62.21,13583,0
2026-07-27T11:45:00+05:30,62.21,63.15,62.1,62.3,4218,0
2026-07-27T12:00:00+05:30,62.11,63.0,61.61,61.65,17463,0
2026-07-27T12:15:00+05:30,61.65,61.68,60.85,60.98,38370,0
2026-07-27T12:30:00+05:30,60.98,62.5,60.69,60.69,24395,0
2026-07-27T12:45:00+05:30,60.7,62.4,60.7,62.4,6599,0
2026-07-27T13:00:00+05:30,62.35,62.4,60.95,61.09,34300,0
2026-07-27T13:15:00+05:30,61.05,62.0,60.9,61.92,34415,0
2026-07-27T13:30:00+05:30,61.92,62.4,60.04,60.04,413315,0
2026-07-27T13:45:00+05:30,60.04,60.04,60.04,60.04,210823,0
2026-07-27T14:00:00+05:30,60.04,61.0,60.04,60.04,57516,0
2026-07-27T14:15:00+05:30,60.04,61.0,60.04,60.05,44821,0
2026-07-27T14:30:00+05:30,60.06,60.3,60.04,60.04,52575,0
2026-07-27T14:45:00+05:30,60.04,60.04,60.04,60.04,88839,0
2026-07-27T15:00:00+05:30,60.04,60.04,60.04,60.04,64954,0
2026-07-27T15:15:00+05:30,60.04,60.04,60.04,60.04,24372,0
2026-08-03T09:15:00+05:30,63.04,63.04,63.04,63.04,124996,0
2026-08-03T09:30:00+05:30,63.04,63.04,63.04,63.04,35643,0
2026-08-03T09:45:00+05:30,63.04,63.04,63.04,63.04,3908,0
2026-08-03T10:00:00+05:30,63.04,63.04,63.04,63.04,1761,0
2026-08-03T10:15:00+05:30,63.04,63.04,63.04,63.04,3132,0
2026-08-03T10:30:00+05:30,63.04,63.04,63.04,63.04,2019,0
2026-08-03T10:45:00+05:30,63.04,63.04,63.04,63.04,3471,0
2026-08-03T11:00:00+05:30,63.04,63.04,63.04,63.04,327,0
2026-08-03T11:15:00+05:30,63.04,63.04,63.04,63.04,4340,0
2026-08-03T11:30:00+05:30,63.04,63.04,63.04,63.04,8217,0
2026-08-03T11:45:00+05:30,63.04,63.04,63.04,63.04,2365,0
2026-08-03T12:00:00+05:30,63.04,63.04,63.04,63.04,1124,0
2026-08-03T12:15:00+05:30,63.04,63.04,63.04,63.04,5146,0
2026-08-03T12:30:00+05:30,63.04,63.04,63.04,63.04,1194,0
2026-08-03T12:45:00+05:30,63.04,63.04,63.04,63.04,673,0
2026-08-03T13:00:00+05:30,63.04,63.04,63.04,63.04,4197,0
2026-08-03T13:15:00+05:30,63.04,63.04,63.04,63.04,321,0
2026-08-03T13:30:00+05:30,63.04,63.04,63.04,63.04,114,0
2026-08-03T13:45:00+05:30,63.04,63.04,63.04,63.04,352,0
2026-08-03T14:00:00+05:30,63.04,63.04,63.04,63.04,196,0
2026-08-03T14:15:00+05:30,63.04,63.04,63.04,63.04,873,0
2026-08-03T14:30:00+05:30,63.04,63.04,63.04,63.04,574,0
2026-08-03T14:45:00+05:30,63.04,63.04,63.04,63.04,2552,0
2026-08-03T15:00:00+05:30,63.04,63.04,63.04,63.04,2189,0
2026-08-03T15:15:00+05:30,63.04,63.04,63.04,63.04,4870,0
2026-08-04T09:15:00+05:30,66.19,66.19,66.19,66.19,7650,0
2026-08-04T09:30:00+05:30,66.19,66.19,66.19,66.19,2550,0
2026-08-04T09:45:00+05:30,66.19,66.19,66.19,66.19,445,0
2026-08-04T10:00:00+05:30,66.19,66.19,66.19,66.19,8193,0
2026-08-04T10:15:00+05:30,66.19,66.19,66.19,66.19,345,0
2026-08-04T10:30:00+05:30,66.19,66.19,66.19,66.19,1812,0
2026-08-04T10:45:00+05:30,66.19,66.19,66.19,66.19,39,0
2026-08-04T11:00:00+05:30,66.19,66.19,66.19,66.19,88,0
2026-08-04T11:15:00+05:30,66.19,66.19,66.19,66.19,603,0
2026-08-04T11:30:00+05:30,66.19,66.19,66.19,66.19,2086,0
2026-08-04T11:45:00+05:30,66.19,66.19,66.19,66.19,448,0
2026-08-04T12:00:00+05:30,66.19,66.19,66.19,66.19,119,0
2026-08-04T12:15:00+05:30,66.19,66.19,66.19,66.19,278,0
2026-08-04T12:30:00+05:30,66.19,66.19,66.19,66.19,57,0
2026-08-04T12:45:00+05:30,66.19,66.19,66.19,66.19,579,0
2026-08-04T13:00:00+05:30,66.19,66.19,66.19,66.19,550,0
2026-08-04T13:15:00+05:30,66.19,66.19,66.19,66.19,355,0
2026-08-04T13:30:00+05:30,66.19,66.19,66.19,66.19,140,0
2026-08-04T13:45:00+05:30,66.19,66.19,66.19,66.19,7,0
2026-08-04T14:00:00+05:30,66.19,66.19,66.19,66.19,109,0
2026-08-04T14:15:00+05:30,66.19,66.19,66.19,66.19,565,0
2026-08-04T14:30:00+05:30,66.19,66.19,66.19,66.19,168,0
2026-08-04T14:45:00+05:30,66.19,66.19,66.19,66.19,764,0
2026-08-04T15:00:00+05:30,66.19,66.19,66.19,66.19,582,0
2026-08-04T15:15:00+05:30,66.19,66.19,66.19,66.19,31,0
2026-08-05T09:15:00+05:30,69.49,69.49,69.49,69.49,8330,0
2026-08-05T09:30:00+05:30,69.49,69.49,69.49,69.49,2735,0
2026-08-05T09:45:00+05:30,69.49,69.49,69.49,69.49,4591,0
2026-08-05T10:00:00+05:30,69.49,69.49,69.49,69.49,361,0
2026-08-05T10:15:00+05:30,69.49,69.49,69.49,69.49,654,0
2026-08-05T10:30:00+05:30,69.49,69.49,69.49,69.49,302,0
2026-08-05T10:45:00+05:30,69.49,69.49,69.49,69.49,542,0
2026-08-05T11:00:00+05:30,69.49,69.49,69.49,69.49,622,0
2026-08-05T11:15:00+05:30,69.49,69.49,69.49,69.49,991,0
2026-08-05T11:30:00+05:30,69.49,69.49,69.49,69.49,587,0
2026-08-05T11:45:00+05:30,69.49,69.49,69.49,69.49,867,0
2026-08-05T12:00:00+05:30,69.49,69.49,69.49,69.49,6562,0
2026-08-05T12:15:00+05:30,69.49,69.49,69.49,69.49,229,0
2026-08-05T12:30:00+05:30,69.49,69.49,69.49,69.49,553,0
2026-08-05T12:45:00+05:30,69.49,69.49,69.49,69.49,3174,0
2026-08-05T13:00:00+05:30,69.49,69.49,69.49,69.49,302,0
2026-08-05T13:15:00+05:30,69.49,69.49,69.49,69.49,10785,0
2026-08-05T13:30:00+05:30,69.49,69.49,69.49,69.49,279,0
2026-08-05T13:45:00+05:30,69.49,69.49,69.49,69.49,58,0
2026-08-05T14:00:00+05:30,69.49,69.49,69.49,69.49,636,0
2026-08-05T14:15:00+05:30,69.49,69.49,69.49,69.49,364,0
2026-08-05T14:30:00+05:30,69.49,69.49,69.49,69.49,272,0
2026-08-05T14:45:00+05:30,69.49,69.49,69.49,69.49,282,0
2026-08-05T15:00:00+05:30,69.49,69.49,69.49,69.49,221,0
2026-08-05T15:15:00+05:30,69.49,69.49,69.49,69.49,1102,0
2026-08-06T09:15:00+05:30,72.96,72.96,71.75,72.0,837661,0
2026-08-06T09:30:00+05:30,71.75,72.89,70.88,72.84,564672,0
2026-08-06T09:45:00+05:30,72.84,72.96,72.5,72.96,152698,0
2026-08-06T10:00:00+05:30,72.96,72.96,72.96,72.96,54756,0
2026-08-06T10:15:00+05:30,72.96,72.96,72.91,72.96,221763,0
2026-08-06T10:30:00+05:30,72.96,72.96,72.89,72.95,84950,0
2026-08-06T10:45:00+05:30,72.95,72.96,72.77,72.96,80068,0
2026-08-06T11:00:00+05:30,72.96,72.96,72.95,72.96,30383,0
2026-08-06T11:15:00+05:30,72.96,72.96,72.96,72.96,2148,0
2026-08-06T11:30:00+05:30,72.96,72.96,72.96,72.96,592,0
2026-08-06T11:45:00+05:30,72.96,72.96,72.96,72.96,3536,0
2026-08-06T12:00:00+05:30,72.96,72.96,72.96,72.96,3079,0
2026-08-06T12:15:00+05:30,72.96,72.96,72.96,72.96,322,0
2026-08-06T12:30:00+05:30,72.96,72.96,72.96,72.96,3832,0
2026-08-06T12:45:00+05:30,72.96,72.96,72.96,72.96,1625,0
2026-08-06T13:00:00+05:30,72.96,72.96,72.96,72.96,1620,0
2026-08-06T13:15:00+05:30,72.96,72.96,72.96,72.96,5203,0
2026-08-06T13:30:00+05:30,72.96,72.96,72.96,72.96,105,0
2026-08-06T13:45:00+05:30,72.96,72.96,72.96,72.96,5280,0
2026-08-06T14:00:00+05:30,72.96,72.96,72.96,72.96,622,0
2026-08-06T14:15:00+05:30,72.96,72.96,72.96,72.96,576,0
2026-08-06T14:30:00+05:30,72.96,72.96,72.96,72.96,2699,0
2026-08-06T14:45:00+05:30,72.96,72.96,72.96,72.96,1686,0
2026-08-06T15:00:00+05:30,72.96,72.96,72.96,72.96,202315,0
2026-08-06T15:15:00+05:30,72.96,72.96,72.96,72.96,129,0
2026-08-07T09:15:00+05:30,75.3,76.6,74.0,76.6,886292,0
2026-08-07T09:30:00+05:30,76.6,76.6,76.6,76.6,9578,0
2026-08-07T09:45:00+05:30,76.6,76.6,76.6,76.6,11893,0
2026-08-07T10:00:00+05:30,76.6,76.6,76.6,76.6,6642,0
2026-08-07T10:15:00+05:30,76.6,76.6,76.6,76.6,55313,0
2026-08-07T10:30:00+05:30,76.6,76.6,76.6,76.6,7816,0
2026-08-07T10:45:00+05:30,76.6,76.6,76.6,76.6,9596,0
2026-08-07T11:00:00+05:30,76.6,76.6,76.6,76.6,1917,0
2026-08-07T11:15:00+05:30,76.6,76.6,76.6,76.6,1518,0
2026-08-07T11:30:00+05:30,76.6,76.6,76.6,76.6,49363,0
2026-08-07T11:45:00+05:30,76.6,76.6,76.6,76.6,29870,0
2026-08-07T12:00:00+05:30,76.6,76.6,76.6,76.6,6968,0
2026-08-07T12:15:00+05:30,76.6,76.6,76.6,76.6,3477,0
2026-08-07T12:30:00+05:30,76.6,76.6,76.6,76.6,1724,0
2026-08-07T12:45:00+05:30,76.6,76.6,75.9,75.9,74528,0
2026-08-07T13:00:00+05:30,76.0,76.6,76.0,76.6,26184,0
2026-08-07T13:15:00+05:30,76.6,76.6,76.6,76.6,2169,0
2026-08-07T13:30:00+05:30,76.6,76.6,76.59,76.6,34091,0
2026-08-07T13:45:00+05:30,76.6,76.6,76.59,76.6,13497,0
2026-08-07T14:00:00+05:30,76.6,76.6,76.0,76.6,18339,0
2026-08-07T14:15:00+05:30,76.6,76.6,76.0,76.0,19842,0
2026-08-07T14:30:00+05:30,76.6,76.6,75.5,76.57,74196,0
2026-08-07T14:45:00+05:30,76.58,76.6,76.4,76.6,58374,0
2026-08-07T15:00:00+05:30,76.6,76.6,76.4,76.6,31615,0
2026-08-07T15:15:00+05:30,76.59,76.6,76.3,76.6,84935,0
2026-08-10T09:15:00+05:30,76.4,76.4,72.74,72.74,530103,0
2026-08-10T09:30:00+05:30,72.74,72.74,72.74,72.74,99284,0
2026-08-10T09:45:00+05:30,72.74,72.74,72.74,72.74,26737,0
2026-08-10T10:00:00+05:30,72.74,73.0,72.74,72.9,62270,0
2026-08-10T10:15:00+05:30,72.9,74.9,72.74,72.8,224627,0
2026-08-10T10:30:00+05:30,73.95,73.95,72.8,72.91,84949,0
2026-08-10T10:45:00+05:30,72.93,73.73,72.8,72.8,34250,0
2026-08-10T11:00:00+05:30,72.8,73.3,72.74,72.74,109749,0
2026-08-10T11:15:00+05:30,72.74,72.74,72.74,72.74,41362,0
2026-08-10T11:30:00+05:30,72.74,72.74,72.74,72.74,15531,0
2026-08-10T11:45:00+05:30,72.74,72.74,72.74,72.74,13906,0
2026-08-10T12:00:00+05:30,72.74,72.74,72.74,72.74,10735,0
2026-08-10T12:15:00+05:30,72.74,72.74,72.74,72.74,4729,0
2026-08-10T12:30:00+05:30,72.74,72.74,72.74,72.74,2858,0
2026-08-10T12:45:00+05:30,72.74,72.74,72.74,72.74,3103,0
2026-08-10T13:00:00+05:30,72.74,72.74,72.74,72.74,3344,0
2026-08-10T13:15:00+05:30,72.74,72.74,72.74,72.74,4175,0
2026-08-10T13:30:00+05:30,72.74,72.74,72.74,72.74,2388,0
2026-08-10T13:45:00+05:30,72.74,72.74,72.74,72.74,3897,0
2026-08-10T14:00:00+05:30,72.74,72.74,72.74,72.74,3284,0
2026-08-10T14:15:00+05:30,72.74,72.74,72.74,72.74,3165,0
2026-08-10T14:30:00+05:30,72.74,72.74,72.74,72.74,2123,0
2026-08-10T14:45:00+05:30,72.74,72.74,72.74,72.74,1871,0
2026-08-10T15:00:00+05:30,72.74,72.74,72.74,72.74,4215,0
2026-08-10T15:15:00+05:30,72.74,72.74,72.74,72.74,4221,0
2026-08-11T09:15:00+05:30,71.29,71.29,71.29,71.29,15324,0
2026-08-11T09:30:00+05:30,71.29,71.29,71.29,71.29,2774,0
2026-08-11T09:45:00+05:30,71.29,71.29,71.29,71.29,1523,0
2026-08-11T10:00:00+05:30,71.29,71.29,71.29,71.29,86,0
2026-08-11T10:15:00+05:30,71.29,71.29,71.29,71.29,4375,0
2026-08-11T10:30:00+05:30,71.29,71.29,71.29,71.29,3623,0
2026-08-11T10:45:00+05:30,71.29,71.29,71.29,71.29,1803,0
2026-08-11T11:00:00+05:30,71.29,71.29,71.29,71.29,2214,0
2026-08-11T11:15:00+05:30,71.29,71.29,71.29,71.29,143,0
2026-08-11T11:30:00+05:30,71.29,71.29,71.29,71.29,1417,0
2026-08-11T11:45:00+05:30,71.29,71.29,71.29,71.29,338,0
2026-08-11T12:00:00+05:30,71.29,71.29,71.29,71.29,521,0
2026-08-11T12:15:00+05:30,71.29,71.29,71.29,71.29,490,0
2026-08-11T12:30:00+05:30,71.29,71.29,71.29,71.29,754,0
2026-08-11T12:45:00+05:30,71.29,71.29,71.29,71.29,45,0
2026-08-11T13:00:00+05:30,71.29,71.29,71.29,71.29,122,0
2026-08-11T13:15:00+05:30,71.29,71.29,71.29,71.29,162,0
2026-08-11T13:30:00+05:30,71.29,71.29,71.29,71.29,946,0
2026-08-11T13:45:00+05:30,71.29,71.29,71.29,71.29,183,0
2026-08-11T14:00:00+05:30,71.29,71.29,71.29,71.29,22,0
2026-08-11T14:15:00+05:30,71.29,71.29,71.29,71.29,5105,0
2026-08-11T14:30:00+05:30,71.29,71.29,71.29,71.29,479,0
2026-08-11T14:45:00+05:30,71.29,71.29,71.29,71.29,537,0
2026-08-11T15:00:00+05:30,71.29,71.29,71.29,71.29,1122,0
2026-08-11T15:15:00+05:30,71.29,71.29,71.29,71.29,783,0
2026-08-12T09:15:00+05:30,69.87,69.87,69.87,69.87,3230,0
2026-08-12T09:30:00+05:30,69.87,69.87,69.87,69.87,1209,0
2026-08-12T09:45:00+05:30,69.87,69.87,69.87,69.87,1468,0
2026-08-12T10:00:00+05:30,69.87,69.87,69.87,69.87,813,0
2026-08-12T10:15:00+05:30,69.87,69.87,69.87,69.87,1568,0
2026-08-12T10:30:00+05:30,69.87,69.87,69.87,69.87,596,0
2026-08-12T10:45:00+05:30,69.87,69.87,69.87,69.87,369,0
2026-08-12T11:00:00+05:30,69.87,69.87,69.87,69.87,112,0
2026-08-12T11:15:00+05:30,69.87,69.87,69.87,69.87,259,0
2026-08-12T11:30:00+05:30,69.87,69.87,69.87,69.87,554,0
2026-08-12T11:45:00+05:30,69.87,69.87,69.87,69.87,1755,0
2026-08-12T12:00:00+05:30,69.87,69.87,69.87,69.87,622,0
2026-08-12T12:15:00+05:30,69.87,69.87,69.87,69.87,72,0
2026-08-12T12:30:00+05:30,69.87,69.87,69.87,69.87,21,0
2026-08-12T12:45:00+05:30,69.87,69.87,69.87,69.87,54,0
2026-08-12T13:00:00+05:30,69.87,69.87,69.87,69.87,375,0
2026-08-12T13:15:00+05:30,69.87,69.87,69.87,69.87,1051,0
2026-08-12T13:30:00+05:30,69.87,69.87,69.87,69.87,887,0
2026-08-12T13:45:00+05:30,69.87,69.87,69.87,69.87,119,0
2026-08-12T14:00:00+05:30,69.87,69.87,69.87,69.87,181,0
2026-08-12T14:15:00+05:30,69.87,69.87,69.87,69.87,350,0
2026-08-12T14:30:00+05:30,69.87,69.87,69.87,69.87,344,0
2026-08-12T14:45:00+05:30,69.87,69.87,69.87,69.87,461,0
2026-08-12T15:00:00+05:30,69.87,69.87,69.87,69.87,910,0
2026-08-12T15:15:00+05:30,69.87,69.87,69.87,69.87,52,0
2026-08-13T09:15:00+05:30,68.48,68.48,68.48,68.48,1516,0
2026-08-13T09:30:00+05:30,68.48,68.48,68.48,68.48,825,0
2026-08-13T09:45:00+05:30,68.48,68.48,68.48,68.48,1668,0
2026-08-13T10:00:00+05:30,68.48,68.48,68.48,68.48,894,0
2026-08-13T10:15:00+05:30,68.48,68.48,68.48,68.48,122,0
2026-08-13T10:30:00+05:30,68.48,68.48,68.48,68.48,404,0
2026-08-13T10:45:00+05:30,68.48,68.48,68.48,68.48,280,0
2026-08-13T11:00:00+05:30,68.48,68.48,68.48,68.48,153,0
2026-08-13T11:15:00+05:30,68.48,68.48,68.48,68.48,611,0
2026-08-13T11:30:00+05:30,68.48,68.48,68.48,68.48,410,0
2026-08-13T11:45:00+05:30,68.48,68.48,68.48,68.48,402,0
2026-08-13T12:00:00+05:30,68.48,68.48,68.48,68.48,275,0
2026-08-13T12:15:00+05:30,68.48,68.48,68.48,68.48,380,0
2026-08-13T12:30:00+05:30,68.48,68.48,68.48,68.48,26,0
2026-08-13T12:45:00+05:30,68.48,68.48,68.48,68.48,502,0
2026-08-13T13:00:00+05:30,68.48,68.48,68.48,68.48,1289,0
2026-08-13T13:15:00+05:30,68.48,68.48,68.48,68.48,67,0
2026-08-13T13:30:00+05:30,68.48,68.48,68.48,68.48,43,0
2026-08-13T13:45:00+05:30,68.48,68.48,68.48,68.48,18,0
2026-08-13T14:00:00+05:30,68.48,68.48,68.48,68.48,65,0
2026-08-13T14:15:00+05:30,68.48,68.48,68.48,68.48,785,0
2026-08-13T14:30:00+05:30,68.48,68.48,68.48,68.48,2441,0
2026-08-13T14:45:00+05:30,68.48,68.48,68.48,68.48,138,0
2026-08-13T15:00:00+05:30,68.48,68.48,68.48,68.48,635,0
2026-08-13T15:15:00+05:30,68.48,68.48,68.48,68.48,615,0
2026-08-14T09:15:00+05:30,67.12,67.12,67.12,67.12,1877,0
2026-08-14T09:30:00+05:30,67.12,67.12,67.12,67.12,367,0
2026-08-14T09:45:00+05:30,67.12,67.12,67.12,67.12,3090,0
2026-08-14T10:00:00+05:30,67.12,67.12,67.12,67.12,880,0
2026-08-14T10:15:00+05:30,67.12,67.12,67.12,67.12,320,0
2026-08-14T10:30:00+05:30,67.12,67.12,67.12,67.12,122,0
2026-08-14T10:45:00+05:30,67.12,67.12,67.12,67.12,229,0
2026-08-14T11:00:00+05:30,67.12,67.12,67.12,67.12,477,0
2026-08-14T11:15:00+05:30,67.12,67.12,67.12,67.12,325,0
2026-08-14T11:30:00+05:30,67.12,67.12,67.12,67.12,472,0
2026-08-14T11:45:00+05:30,67.12,67.12,67.12,67.12,3,0
2026-08-14T12:00:00+05:30,67.12,67.12,67.12,67.12,16,0
2026-08-14T12:15:00+05:30,67.12,67.12,67.12,67.12,471,0
2026-08-14T12:30:00+05:30,67.12,67.12,67.12,67.12,20,0
2026-08-14T12:45:00+05:30,67.12,67.12,67.12,67.12,385,0
2026-08-14T13:00:00+05:30,67.12,67.12,67.12,67.12,426,0
2026-08-14T13:15:00+05:30,67.12,67.12,67.12,67.12,103,0
2026-08-14T13:30:00+05:30,67.12,67.12,67.12,67.12,28,0
2026-08-14T13:45:00+05:30,67.12,67.12,67.12,67.12,270,0
2026-08-14T14:00:00+05:30,67.12,67.12,67.12,67.12,305,0
2026-08-14T14:15:00+05:30,67.12,67.12,67.12,67.12,294,0
2026-08-14T14:30:00+05:30,67.12,67.12,67.12,67.12,1050,0
2026-08-14T14:45:00+05:30,67.12,67.12,67.12,67.12,1081,0
2026-08-14T15:00:00+05:30,67.12,67.12,67.12,67.12,934,0
2026-08-14T15:15:00+05:30,67.12,67.12,67.12,67.12,240,0
2026-08-17T09:15:00+05:30,65.78,67.0,65.78,65.78,265133,0
2026-08-17T09:30:00+05:30,65.78,65.78,65.78,65.78,2714,0
2026-08-17T09:45:00+05:30,65.78,65.78,65.78,65.78,302,0
2026-08-17T10:00:00+05:30,65.78,65.78,65.78,65.78,5136,0
2026-08-17T10:15:00+05:30,65.78,65.78,65.78,65.78,457,0
2026-08-17T10:30:00+05:30,65.78,65.78,65.78,65.78,6540,0
2026-08-17T10:45:00+05:30,65.78,65.78,65.78,65.78,1072,0
2026-08-17T11:00:00+05:30,65.78,65.78,65.78,65.78,78,0
2026-08-17T11:15:00+05:30,65.78,65.78,65.78,65.78,6050,0
2026-08-17T11:30:00+05:30,65.78,65.78,65.78,65.78,101,0
2026-08-17T11:45:00+05:30,65.78,65.78,65.78,65.78,1150,0
2026-08-17T12:00:00+05:30,65.78,65.78,65.78,65.78,210,0
2026-08-17T12:15:00+05:30,65.78,65.78,65.78,65.78,0,0
2026-08-17T12:30:00+05:30,65.78,65.78,65.78,65.78,358,0
2026-08-17T12:45:00+05:30,65.78,65.78,65.78,65.78,1830,0
2026-08-17T13:00:00+05:30,65.78,65.78,65.78,65.78,24,0
2026-08-17T13:15:00+05:30,65.78,65.78,65.78,65.78,104,0
2026-08-17T13:30:00+05:30,65.78,65.78,65.78,65.78,790,0
2026-08-17T13:45:00+05:30,65.78,65.78,65.78,65.78,411,0
2026-08-17T14:00:00+05:30,65.78,65.78,65.78,65.78,0,0
2026-08-17T14:15:00+05:30,65.78,65.78,65.78,65.78,12,0
2026-08-17T14:30:00+05:30,65.78,65.78,65.78,65.78,450,0
2026-08-17T14:45:00+05:30,65.78,65.78,65.78,65.78,210,0
2026-08-17T15:00:00+05:30,65.78,65.78,65.78,65.78,1275,0
2026-08-17T15:15:00+05:30,65.78,65.78,65.78,65.78,443,0
2026-08-18T09:15:00+05:30,64.47,64.47,64.47,64.47,99906,0
2026-08-18T09:30:00+05:30,64.47,64.47,64.47,64.47,3890,0
2026-08-18T09:45:00+05:30,64.47,64.47,64.47,64.47,2549,0
2026-08-18T10:00:00+05:30,64.47,64.47,64.47,64.47,242,0
2026-08-18T10:15:00+05:30,64.47,64.47,64.47,64.47,191,0
2026-08-18T10:30:00+05:30,64.47,64.47,64.47,64.47,1705,0
2026-08-18T10:45:00+05:30,64.47,64.47,64.47,64.47,661,0
2026-08-18T11:00:00+05:30,64.47,64.47,64.47,64.47,1036,0
2026-08-18T11:15:00+05:30,64.47,64.47,64.47,64.47,1002,0
2026-08-18T11:30:00+05:30,64.47,64.47,64.47,64.47,715,0
2026-08-18T11:45:00+05:30,64.47,64.47,64.47,64.47,1663,0
2026-08-18T12:00:00+05:30,64.47,64.47,64.47,64.47,10027,0
2026-08-18T12:15:00+05:30,64.47,64.47,64.47,64.47,248,0
2026-08-18T12:30:00+05:30,64.47,64.47,64.47,64.47,2003,0
2026-08-18T12:45:00+05:30,64.47,64.47,64.47,64.47,718,0
2026-08-18T13:00:00+05:30,64.47,64.47,64.47,64.47,300,0
2026-08-18T13:15:00+05:30,64.47,64.47,64.47,64.47,986,0
2026-08-18T13:30:00+05:30,64.47,64.47,64.47,64.47,99,0
2026-08-18T13:45:00+05:30,64.47,64.47,64.47,64.47,24,0
2026-08-18T14:00:00+05:30,64.47,64.47,64.47,64.47,20,0
2026-08-18T14:15:00+05:30,64.47,64.47,64.47,64.47,205,0
2026-08-18T14:30:00+05:30,64.47,64.47,64.47,64.47,139,0
2026-08-18T14:45:00+05:30,64.47,64.47,64.47,64.47,202,0
2026-08-18T15:00:00+05:30,64.47,64.47,64.47,64.47,10278,0
2026-08-18T15:15:00+05:30,64.47,64.47,64.47,64.47,196,0
2026-08-19T09:15:00+05:30,63.19,63.19,63.19,63.19,38890,0
2026-08-19T09:30:00+05:30,63.19,63.19,63.19,63.19,9301,0
2026-08-19T09:45:00+05:30,63.19,63.19,63.19,63.19,2166,0
2026-08-19T10:00:00+05:30,63.19,63.19,63.19,63.19,900,0
2026-08-19T10:15:00+05:30,63.19,63.19,63.19,63.19,466,0
2026-08-19T10:30:00+05:30,63.19,63.19,63.19,63.19,60,0
2026-08-19T10:45:00+05:30,63.19,63.19,63.19,63.19,150,0
2026-08-19T11:00:00+05:30,63.19,63.19,63.19,63.19,326,0
2026-08-19T11:15:00+05:30,63.19,63.19,63.19,63.19,100,0
2026-08-19T11:30:00+05:30,63.19,63.19,63.19,63.19,567,0
2026-08-19T11:45:00+05:30,63.19,63.19,63.19,63.19,1060,0
2026-08-19T12:00:00+05:30,63.19,63.19,63.19,63.19,135,0
2026-08-19T12:15:00+05:30,63.19,63.19,63.19,63.19,410,0
2026-08-19T12:30:00+05:30,63.19,63.19,63.19,63.19,61,0
2026-08-19T12:45:00+05:30,63.19,63.19,63.19,63.19,25,0
2026-08-19T13:00:00+05:30,63.19,63.19,63.19,63.19,480,0
2026-08-19T13:15:00+05:30,63.19,63.19,63.19,63.19,8,0
2026-08-19T13:30:00+05:30,63.19,63.19,63.19,63.19,505,0
2026-08-19T13:45:00+05:30,63.19,63.19,63.19,63.19,242,0
2026-08-19T14:00:00+05:30,63.19,63.19,63.19,63.19,13,0
2026-08-19T14:15:00+05:30,63.19,63.19,63.19,63.19,160,0
2026-08-19T14:30:00+05:30,63.19,63.19,63.19,63.19,200,0
2026-08-19T14:45:00+05:30,63.19,63.19,63.19,63.19,230,0
2026-08-19T15:00:00+05:30,63.19,63.19,63.19,63.19,1003,0
2026-08-19T15:15:00+05:30,63.19,63.19,63.19,63.19,2,0
2026-08-20T09:15:00+05:30,61.93,61.93,61.93,61.93,9268,0
2026-08-20T09:30:00+05:30,61.93,61.93,61.93,61.93,8291,0
2026-08-20T09:45:00+05:30,61.93,61.93,61.93,61.93,4129,0
2026-08-20T10:00:00+05:30,61.93,61.93,61.93,61.93,10355,0
2026-08-20T10:15:00+05:30,61.93,61.93,61.93,61.93,9546,0
2026-08-20T10:30:00+05:30,61.93,61.93,61.93,61.93,20950,0
2026-08-20T10:45:00+05:30,61.93,61.93,61.93,61.93,6487,0
2026-08-20T11:00:00+05:30,61.93,61.93,61.93,61.93,1415,0
2026-08-20T11:15:00+05:30,61.93,61.93,61.93,61.93,1642,0
2026-08-20T11:30:00+05:30,61.93,61.93,61.93,61.93,761,0
2026-08-20T11:45:00+05:30,61.93,61.93,61.93,61.93,1412,0
2026-08-20T12:00:00+05:30,61.93,61.93,61.93,61.93,1800,0
2026-08-20T12:15:00+05:30,61.93,61.93,61.93,61.93,206,0
2026-08-20T12:30:00+05:30,61.93,61.93,61.93,61.93,169,0
2026-08-20T12:45:00+05:30,61.93,61.93,61.93,61.93,4530,0
2026-08-20T13:00:00+05:30,61.93,61.93,61.93,61.93,500,0
2026-08-20T13:15:00+05:30,61.93,61.93,61.93,61.93,121,0
2026-08-20T13:30:00+05:30,61.93,61.93,61.93,61.93,190,0
2026-08-20T13:45:00+05:30,61.93,61.93,61.93,61.93,132,0
2026-08-20T14:00:00+05:30,61.93,61.93,61.93,61.93,930,0
2026-08-20T14:15:00+05:30,61.93,61.93,61.93,61.93,397,0
2026-08-20T14:30:00+05:30,61.93,61.93,61.93,61.93,1045,0
2026-08-20T14:45:00+05:30,61.93,61.93,61.93,61.93,1285,0
2026-08-20T15:00:00+05:30,61.93,61.93,61.93,61.93,936,0
2026-08-20T15:15:00+05:30,61.93,61.93,61.93,61.93,4596,0
2026-08-21T09:15:00+05:30,60.7,63.16,60.7,63.05,220417,0
2026-08-21T09:30:00+05:30,63.05,63.05,61.1,62.1,44812,0
2026-08-21T09:45:00+05:30,62.1,62.94,60.7,61.55,90209,0
2026-08-21T10:00:00+05:30,61.6,62.9,61.6,62.25,35619,0
2026-08-21T10:15:00+05:30,62.9,63.16,62.32,63.16,30231,0
2026-08-21T10:30:00+05:30,63.16,63.16,63.16,63.16,5176,0
2026-08-21T10:45:00+05:30,63.16,63.16,63.16,63.16,4621,0
2026-08-21T11:00:00+05:30,63.16,63.16,63.16,63.16,3025,0
2026-08-21T11:15:00+05:30,63.16,63.16,63.16,63.16,7338,0
2026-08-21T11:30:00+05:30,63.16,63.16,63.16,63.16,13234,0
2026-08-21T11:45:00+05:30,63.16,63.16,63.16,63.16,4932,0
2026-08-21T12:00:00+05:30,63.16,63.16,63.16,63.16,3453,0
2026-08-21T12:15:00+05:30,63.16,63.16,63.16,63.16,4976,0
2026-08-21T12:30:00+05:30,63.16,63.16,63.16,63.16,3233,0
2026-08-21T12:45:00+05:30,63.16,63.16,63.16,63.16,2844,0
2026-08-21T13:00:00+05:30,63.16,63.16,63.16,63.16,3255,0
2026-08-21T13:15:00+05:30,63.16,63.16,63.16,63.16,4642,0
2026-08-21T13:30:00+05:30,63.16,63.16,63.16,63.16,4027,0
2026-08-21T13:45:00+05:30,63.16,63.16,63.16,63.16,1480,0
2026-08-21T14:00:00+05:30,63.16,63.16,63.16,63.16,8660,0
2026-08-21T14:15:00+05:30,63.16,63.16,63.16,63.16,2236,0
2026-08-21T14:30:00+05:30,63.16,63.16,63.16,63.16,7227,0
2026-08-21T14:45:00+05:30,63.16,63.16,63.16,63.16,4963,0
2026-08-21T15:00:00+05:30,63.16,63.16,63.16,63.16,10701,0
2026-08-21T15:15:00+05:30,63.16,63.16,63.16,63.16,3398,0
2026-08-24T09:15:00+05:30,62.4,63.16,61.9,62.5,90729,0
2026-08-24T09:30:00+05:30,62.3,63.9,61.9,62.25,42878,0
2026-08-24T09:45:00+05:30,62.25,62.9,62.1,62.45,15602,0
2026-08-24T10:00:00+05:30,62.5,62.78,61.9,61.91,30494,0
2026-08-24T10:15:00+05:30,61.91,63.4,61.9,62.05,38838,0
2026-08-24T10:30:00+05:30,63.0,63.05,62.05,63.0,10740,0
2026-08-24T10:45:00+05:30,63.0,63.9,63.0,63.1,35470,0
2026-08-24T11:00:00+05:30,63.11,64.42,63.1,64.42,129822,0
2026-08-24T11:15:00+05:30,64.42,64.42,64.3,64.42,69498,0
2026-08-24T11:30:00+05:30,64.42,64.42,63.15,64.0,20004,0
2026-08-24T11:45:00+05:30,64.0,64.4,63.36,63.5,12672,0
2026-08-24T12:00:00+05:30,64.0,64.2,63.36,63.5,12029,0
2026-08-24T12:15:00+05:30,64.15,64.25,63.35,63.6,7541,0
2026-08-24T12:30:00+05:30,64.2,64.25,61.9,61.91,101239,0
2026-08-24T12:45:00+05:30,61.91,63.4,61.91,63.4,4918,0
2026-08-24T13:00:00+05:30,63.0,63.99,62.51,62.75,5107,0
2026-08-24T13:15:00+05:30,62.51,63.99,62.11,62.6,12380,0
2026-08-24T13:30:00+05:30,63.83,63.83,62.57,62.6,5790,0
2026-08-24T13:45:00+05:30,62.6,63.6,62.5,62.5,3556,0
2026-08-24T14:00:00+05:30,62.5,63.3,62.3,63.3,1204,0
2026-08-24T14:15:00+05:30,62.67,63.95,62.35,63.8,9162,0
2026-08-24T14:30:00+05:30,63.5,63.75,62.0,63.69,16577,0
2026-08-24T14:45:00+05:30,63.69,63.7,62.2,62.5,6189,0
2026-08-24T15:00:00+05:30,62.5,63.5,62.3,63.0,9192,0
2026-08-24T15:15:00+05:30,63.0,63.5,62.01,62.99,16370,0
2026-08-25T09:15:00+05:30,62.73,62.73,62.0,62.1,13783,0
2026-08-25T09:30:00+05:30,62.29,62.29,62.0,62.04,10569,0
2026-08-25T09:45:00+05:30,62.1,62.5,61.99,61.99,41816,0
2026-08-25T10:00:00+05:30,61.99,61.99,61.81,61.96,6438,0
2026-08-25T10:15:00+05:30,61.87,62.0,61.87,61.95,18655,0
2026-08-25T10:30:00+05:30,62.0,62.0,61.9,61.9,8259,0
2026-08-25T10:45:00+05:30,61.9,62.0,61.81,61.81,1407,0
2026-08-25T11:00:00+05:30,61.9,62.0,61.7,62.0,8188,0
2026-08-25T11:15:00+05:30,62.0,62.0,61.56,61.56,5119,0
2026-08-25T11:30:00+05:30,61.75,61.75,61.48,61.48,34517,0
2026-08-25T11:45:00+05:30,61.48,61.75,61.48,61.48,5073,0
2026-08-25T12:00:00+05:30,61.48,61.75,61.48,61.48,4652,0
2026-08-25T12:15:00+05:30,61.48,61.75,61.48,61.6,20664,0
2026-08-25T12:30:00+05:30,61.5,61.65,61.48,61.65,5049,0
2026-08-25T12:45:00+05:30,61.65,61.75,61.48,61.58,2534,0
2026-08-25T13:00:00+05:30,61.58,61.6,61.48,61.48,3637,0
2026-08-25T13:15:00+05:30,61.48,61.48,61.48,61.48,2807,0
2026-08-25T13:30:00+05:30,61.48,61.48,61.48,61.48,669,0
2026-08-25T13:45:00+05:30,61.48,61.48,61.48,61.48,964,0
2026-08-25T14:00:00+05:30,61.48,61.48,61.48,61.48,12276,0
2026-08-25T14:15:00+05:30,61.48,61.48,61.48,61.48,1491,0
2026-08-25T14:30:00+05:30,61.48,61.48,61.48,61.48,1848,0
2026-08-25T14:45:00+05:30,61.48,61.48,61.48,61.48,887,0
2026-08-25T15:00:00+05:30,61.48,61.48,61.48,61.48,4466,0
2026-08-25T15:15:00+05:30,61.48,61.48,61.48,61.48,15779,0
2026-08-26T09:15:00+05:30,60.5,61.48,60.26,60.26,40039,0
2026-08-26T09:30:00+05:30,60.5,61.0,60.26,60.3,23167,0
2026-08-26T09:45:00+05:30,60.75,62.48,60.5,62.28,26160,0
2026-08-26T10:00:00+05:30,62.28,62.45,60.5,61.24,17988,0
2026-08-26T10:15:00+05:30,61.54,62.05,61.5,61.74,10965,0
2026-08-26T10:30:00+05:30,61.74,62.5,61.74,62.05,10901,0
2026-08-26T10:45:00+05:30,62.15,62.5,61.5,61.5,8612,0
2026-08-26T11:00:00+05:30,61.5,62.3,61.5,61.88,1404,0
2026-08-26T11:15:00+05:30,61.88,61.88,61.3,61.4,9044,0
2026-08-26T11:30:00+05:30,61.5,61.5,60.8,61.0,8895,0
2026-08-26T11:45:00+05:30,61.0,61.6,60.31,61.6,20277,0
2026-08-26T12:00:00+05:30,61.5,61.6,60.77,61.59,1152,0
2026-08-26T12:15:00+05:30,61.58,61.6,60.78,61.5,2935,0
2026-08-26T12:30:00+05:30,61.5,61.56,60.78,60.78,3243,0
2026-08-26T12:45:00+05:30,60.8,61.0,60.77,60.8,3442,0
2026-08-26T13:00:00+05:30,60.8,61.25,60.79,61.25,543569,0
2026-08-26T13:15:00+05:30,61.0,61.6,60.8,61.6,4416,0
2026-08-26T13:30:00+05:30,61.49,61.6,60.81,61.0,2207,0
2026-08-26T13:45:00+05:30,61.0,61.6,60.81,60.82,8765,0
2026-08-26T14:00:00+05:30,60.82,61.59,60.6,60.6,15008,0
2026-08-26T14:15:00+05:30,60.6,61.59,60.5,61.12,10953,0
2026-08-26T14:30:00+05:30,61.18,61.18,60.5,60.8,7630,0
2026-08-26T14:45:00+05:30,60.8,61.0,60.8,61.0,5530,0
2026-08-26T15:00:00+05:30,60.81,61.0,60.5,60.5,11107,0
2026-08-26T15:15:00+05:30,60.5,61.6,60.4,61.55,8513,0
2026-08-27T09:15:00+05:30,61.94,61.94,61.0,61.3,16953,0
2026-08-27T09:30:00+05:30,61.4,61.55,61.0,61.47,11831,0
2026-08-27T09:45:00+05:30,61.31,61.5,60.11,61.0,16754,0
2026-08-27T10:00:00+05:30,60.5,61.48,60.2,61.4,9912,0
2026-08-27T10:15:00+05:30,61.48,61.48,60.4,61.44,12303,0
2026-08-27T10:30:00+05:30,61.0,61.44,60.5,60.53,2217,0
2026-08-27T10:45:00+05:30,61.27,61.27,60.53,60.55,3754,0
2026-08-27T11:00:00+05:30,60.55,61.5,60.53,61.5,11583,0
2026-08-27T11:15:00+05:30,61.5,61.5,60.55,61.0,5508,0
2026-08-27T11:30:00+05:30,61.19,61.41,60.4,61.0,6610,0
2026-08-27T11:45:00+05:30,61.0,61.39,60.41,60.6,3147,0
2026-08-27T12:00:00+05:30,60.6,61.5,60.6,61.45,6583,0
2026-08-27T12:15:00+05:30,61.0,61.44,60.5,61.42,2662,0
2026-08-27T12:30:00+05:30,60.53,61.39,60.51,60.78,1321,0
2026-08-27T12:45:00+05:30,60.6,61.2,60.59,60.7,3395,0
2026-08-27T13:00:00+05:30,60.7,61.41,60.5,60.55,5725,0
2026-08-27T13:15:00+05:30,60.55,61.4,60.4,60.42,28510,0
2026-08-27T13:30:00+05:30,60.51,61.45,60.45,61.4,2514,0
2026-08-27T13:45:00+05:30,61.4,61.4,60.5,61.0,1985,0
2026-08-27T14:00:00+05:30,61.0,61.0,60.51,60.8,1572,0
2026-08-27T14:15:00+05:30,60.8,61.0,60.5,60.5,8314,0
2026-08-27T14:30:00+05:30,61.0,61.95,60.55,61.95,11296,0
2026-08-27T14:45:00+05:30,61.95,61.97,61.03,61.25,21070,0
2026-08-27T15:00:00+05:30,61.25,61.97,60.53,61.93,6648,0
2026-08-27T15:15:00+05:30,61.82,61.97,60.61,61.97,6229,0
