timestamp,open,high,low,close,volume,oi
2026-04-20T09:15:00+05:30,417.05,427.85,417.0,423.75,3122,0
2026-04-20T09:30:00+05:30,423.75,430.0,419.25,425.0,3228,0
2026-04-20T09:45:00+05:30,424.0,427.0,424.0,424.05,284,0
2026-04-20T10:00:00+05:30,424.0,427.05,421.05,427.0,1345,0
2026-04-20T10:15:00+05:30,427.05,428.0,427.0,427.0,566,0
2026-04-20T10:30:00+05:30,427.0,428.45,427.0,428.35,2729,0
2026-04-20T10:45:00+05:30,428.35,435.0,428.0,428.2,1161,0
2026-04-20T11:00:00+05:30,428.2,433.0,399.0,426.0,30474,0
2026-04-20T11:15:00+05:30,426.0,426.0,422.2,422.2,208,0
2026-04-20T11:30:00+05:30,422.2,428.0,420.0,422.95,3850,0
2026-04-20T11:45:00+05:30,422.95,424.95,422.95,424.95,83,0
2026-04-20T12:00:00+05:30,424.95,424.95,421.1,421.1,36,0
2026-04-20T12:15:00+05:30,421.1,424.45,421.1,424.4,550,0
2026-04-20T12:30:00+05:30,424.4,429.95,421.35,422.1,1482,0
2026-04-20T12:45:00+05:30,425.0,428.0,425.0,428.0,174,0
2026-04-20T13:00:00+05:30,428.8,428.8,425.05,428.8,74,0
2026-04-20T13:15:00+05:30,428.8,428.8,426.0,426.0,610,0
2026-04-20T13:30:00+05:30,426.0,426.0,421.6,424.8,241,0
2026-04-20T13:45:00+05:30,424.8,424.8,421.0,421.0,75,0
2026-04-20T14:00:00+05:30,424.0,424.8,420.0,420.0,1274,0
2026-04-20T14:15:00+05:30,420.0,428.4,420.0,428.4,3294,0
2026-04-20T14:30:00+05:30,428.0,430.0,427.0,427.0,2421,0
2026-04-20T14:45:00+05:30,427.0,429.0,424.3,424.3,792,0
2026-04-20T15:00:00+05:30,424.1,430.0,424.0,428.0,2961,0
2026-04-20T15:15:00+05:30,428.05,430.8,424.0,424.0,950,0
2026-04-21T09:15:00+05:30,433.9,433.9,428.4,432.85,799,0
2026-04-21T09:30:00+05:30,432.0,434.95,431.05,432.5,1804,0
2026-04-21T09:45:00+05:30,432.5,434.7,430.0,431.35,1774,0
2026-04-21T10:00:00+05:30,431.25,433.95,431.1,433.0,528,0
2026-04-21T10:15:00+05:30,433.0,433.95,431.0,432.9,1608,0
2026-04-21T10:30:00+05:30,432.9,433.0,430.7,433.0,482,0
2026-04-21T10:45:00+05:30,432.85,433.0,430.75,432.1,333,0
2026-04-21T11:00:00+05:30,432.1,432.1,430.75,430.85,144,0
2026-04-21T11:15:00+05:30,430.85,430.85,430.85,430.85,53,0
2026-04-21T11:30:00+05:30,430.85,431.95,430.7,430.7,223,0
2026-04-21T11:45:00+05:30,431.05,434.0,430.2,431.65,4687,0
2026-04-21T12:00:00+05:30,431.4,433.0,430.0,431.1,1412,0
2026-04-21T12:15:00+05:30,431.1,433.0,431.1,431.3,762,0
2026-04-21T12:30:00+05:30,431.3,433.0,431.3,433.0,511,0
2026-04-21T12:45:00+05:30,432.95,435.85,431.0,435.85,3706,0
2026-04-21T13:00:00+05:30,435.9,435.9,432.6,434.75,1207,0
2026-04-21T13:15:00+05:30,434.5,434.9,432.7,434.8,569,0
2026-04-21T13:30:00+05:30,434.8,434.9,432.3,434.9,670,0
2026-04-21T13:45:00+05:30,434.9,434.9,432.0,434.9,1455,0
2026-04-21T14:00:00+05:30,434.85,434.85,430.0,431.9,1172,0
2026-04-21T14:15:00+05:30,431.9,431.9,431.0,431.9,48,0
2026-04-21T14:30:00+05:30,431.9,431.95,430.25,430.3,287,0
2026-04-21T14:45:00+05:30,430.3,434.75,429.95,431.15,1465,0
2026-04-21T15:00:00+05:30,431.15,434.9,431.15,434.9,942,0
2026-04-21T15:15:00+05:30,431.45,435.0,431.45,432.0,1395,0
2026-04-22T09:15:00+05:30,437.6,437.6,423.25,428.5,1562,0
2026-04-22T09:30:00+05:30,429.7,430.0,428.85,430.0,147,0
2026-04-22T09:45:00+05:30,429.95,430.0,428.0,429.65,426,0
2026-04-22T10:00:00+05:30,429.65,429.8,428.0,428.25,536,0
2026-04-22T10:15:00+05:30,428.25,430.55,428.25,430.05,722,0
2026-04-22T10:30:00+05:30,430.15,432.7,430.1,432.7,299,0
2026-04-22T10:45:00+05:30,432.7,432.7,430.75,431.05,42,0
2026-04-22T11:00:00+05:30,431.05,431.9,431.05,431.1,63,0
2026-04-22T11:15:00+05:30,431.1,432.0,431.1,432.0,52,0
2026-04-22T11:30:00+05:30,432.0,433.55,431.05,432.95,454,0
2026-04-22T11:45:00+05:30,432.95,433.0,430.85,433.0,507,0
2026-04-22T12:00:00+05:30,433.0,434.0,431.3,434.0,486,0
2026-04-22T12:15:00+05:30,434.0,434.0,432.0,432.0,1899,0
2026-04-22T12:30:00+05:30,432.1,432.4,432.0,432.0,684,0
2026-04-22T12:45:00+05:30,432.0,434.0,430.55,433.0,1415,0
2026-04-22T13:00:00+05:30,432.95,436.0,432.95,436.0,1092,0
2026-04-22T13:15:00+05:30,435.9,435.9,434.1,435.9,371,0
2026-04-22T13:30:00+05:30,435.9,435.9,428.4,434.75,1588,0
2026-04-22T13:45:00+05:30,434.75,434.9,434.4,434.6,330,0
2026-04-22T14:00:00+05:30,434.45,434.6,430.8,433.85,655,0
2026-04-22T14:15:00+05:30,434.0,434.6,431.85,433.85,426,0
2026-04-22T14:30:00+05:30,433.85,434.0,432.4,434.0,288,0
2026-04-22T14:45:00+05:30,434.0,434.75,429.15,430.0,1819,0
2026-04-22T15:00:00+05:30,430.0,430.25,426.0,427.1,743,0
2026-04-22T15:15:00+05:30,427.1,429.25,425.0,428.7,1419,0
2026-04-23T09:15:00+05:30,428.65,428.65,424.8,425.4,518,0
2026-04-23T09:30:00+05:30,425.4,425.9,421.0,421.0,1072,0
2026-04-23T09:45:00+05:30,420.25,425.1,420.05,425.1,581,0
2026-04-23T10:00:00+05:30,423.6,424.75,422.7,423.1,359,0
2026-04-23T10:15:00+05:30,423.1,428.0,423.1,425.7,1158,0
2026-04-23T10:30:00+05:30,424.35,424.35,421.6,423.0,812,0
2026-04-23T10:45:00+05:30,421.65,422.15,421.05,421.05,265,0
2026-04-23T11:00:00+05:30,421.05,422.95,421.05,422.0,225,0
2026-04-23T11:15:00+05:30,422.0,422.0,420.2,420.2,369,0
2026-04-23T11:30:00+05:30,420.2,421.65,420.0,420.0,498,0
2026-04-23T11:45:00+05:30,420.0,421.0,420.0,420.9,217,0
2026-04-23T12:00:00+05:30,420.9,421.3,420.0,421.3,477,0
2026-04-23T12:15:00+05:30,421.3,421.3,420.05,420.7,338,0
2026-04-23T12:30:00+05:30,420.05,421.45,420.0,420.65,297,0
2026-04-23T12:45:00+05:30,420.65,421.35,420.65,420.7,30,0
2026-04-23T13:00:00+05:30,420.65,421.45,420.65,421.45,105,0
2026-04-23T13:15:00+05:30,422.35,424.45,422.35,424.2,726,0
2026-04-23T13:30:00+05:30,424.1,424.4,422.45,422.45,27,0
2026-04-23T13:45:00+05:30,422.45,424.2,420.9,420.95,496,0
2026-04-23T14:00:00+05:30,420.95,422.85,420.95,422.85,2,0
2026-04-23T14:15:00+05:30,422.85,422.85,422.85,422.85,0,0
2026-04-23T14:30:00+05:30,422.85,422.85,420.7,422.7,750,0
2026-04-23T14:45:00+05:30,422.7,423.2,422.0,422.95,521,0
2026-04-23T15:00:00+05:30,422.95,422.95,421.0,422.55,376,0
2026-04-23T15:15:00+05:30,422.65,422.65,421.25,422.0,821,0
2026-04-24T09:15:00+05:30,422.3,427.15,422.3,422.4,1142,0
2026-04-24T09:30:00+05:30,422.4,425.1,422.35,423.5,141,0
2026-04-24T09:45:00+05:30,423.5,423.5,420.05,421.0,281,0
2026-04-24T10:00:00+05:30,420.05,422.95,420.05,422.05,567,0
2026-04-24T10:15:00+05:30,422.05,422.05,420.65,420.7,84,0
2026-04-24T10:30:00+05:30,420.7,420.95,419.65,419.65,357,0
2026-04-24T10:45:00+05:30,419.65,420.15,419.0,419.85,518,0
2026-04-24T11:00:00+05:30,419.85,419.85,416.35,419.0,1056,0
2026-04-24T11:15:00+05:30,418.85,421.0,417.8,419.75,618,0
2026-04-24T11:30:00+05:30,419.75,419.9,416.55,417.7,1338,0
2026-04-24T11:45:00+05:30,417.7,417.7,412.0,415.0,1535,0
2026-04-24T12:00:00+05:30,416.75,420.85,416.75,419.5,1086,0
2026-04-24T12:15:00+05:30,420.15,420.6,419.5,420.6,108,0
2026-04-24T12:30:00+05:30,420.6,420.9,419.5,419.5,373,0
2026-04-24T12:45:00+05:30,419.5,421.0,407.0,416.0,6877,0
2026-04-24T13:00:00+05:30,415.95,415.95,415.95,415.95,6,0
2026-04-24T13:15:00+05:30,415.95,415.95,414.55,414.65,159,0
2026-04-24T13:30:00+05:30,414.65,416.05,413.5,415.0,609,0
2026-04-24T13:45:00+05:30,415.0,415.0,413.7,414.55,139,0
2026-04-24T14:00:00+05:30,414.45,416.8,414.15,416.45,248,0
2026-04-24T14:15:00+05:30,416.45,417.2,415.0,417.2,514,0
2026-04-24T14:30:00+05:30,417.2,420.0,417.1,418.0,692,0
2026-04-24T14:45:00+05:30,418.0,419.95,418.0,418.0,269,0
2026-04-24T15:00:00+05:30,418.0,419.5,415.0,417.85,1182,0
2026-04-24T15:15:00+05:30,415.1,419.0,411.1,412.3,2121,0
2026-04-27T09:15:00+05:30,419.1,422.6,408.95,421.4,583,0
2026-04-27T09:30:00+05:30,421.4,426.55,421.4,425.8,696,0
2026-04-27T09:45:00+05:30,425.85,428.45,425.75,428.45,483,0
2026-04-27T10:00:00+05:30,428.45,429.7,426.85,426.85,1151,0
2026-04-27T10:15:00+05:30,426.85,429.65,426.8,429.0,638,0
2026-04-27T10:30:00+05:30,429.0,429.0,427.25,429.0,253,0
2026-04-27T10:45:00+05:30,427.8,428.8,426.85,428.8,347,0
2026-04-27T11:00:00+05:30,427.4,427.4,426.8,426.8,224,0
2026-04-27T11:15:00+05:30,426.8,426.9,426.3,426.3,100,0
2026-04-27T11:30:00+05:30,426.3,429.0,425.2,429.0,1214,0
2026-04-27T11:45:00+05:30,428.9,429.0,428.9,429.0,44,0
2026-04-27T12:00:00+05:30,429.0,429.7,428.1,428.1,304,0
2026-04-27T12:15:00+05:30,428.1,429.65,428.1,429.65,2,0
2026-04-27T12:30:00+05:30,429.65,429.65,429.65,429.65,1,0
2026-04-27T12:45:00+05:30,429.65,429.65,429.5,429.5,102,0
2026-04-27T13:00:00+05:30,429.5,429.5,426.65,426.65,2465,0
2026-04-27T13:15:00+05:30,426.65,429.7,425.95,428.65,518,0
2026-04-27T13:30:00+05:30,428.65,429.0,428.5,429.0,42,0
2026-04-27T13:45:00+05:30,429.0,429.7,427.65,427.65,567,0
2026-04-27T14:00:00+05:30,428.4,428.4,427.5,427.5,124,0
2026-04-27T14:15:00+05:30,427.5,427.85,425.55,427.85,259,0
2026-04-27T14:30:00+05:30,427.85,429.45,426.65,429.45,699,0
2026-04-27T14:45:00+05:30,429.45,429.9,426.65,428.7,1130,0
2026-04-27T15:00:00+05:30,428.7,428.7,426.65,426.65,266,0
2026-04-27T15:15:00+05:30,426.65,431.4,424.0,429.85,1678,0
2026-04-28T09:15:00+05:30,429.2,433.8,422.3,429.75,1752,0
2026-04-28T09:30:00+05:30,430.5,431.8,429.1,429.6,664,0
2026-04-28T09:45:00+05:30,429.6,431.75,426.05,431.75,1413,0
2026-04-28T10:00:00+05:30,431.65,432.0,430.1,431.0,799,0
2026-04-28T10:15:00+05:30,430.55,434.0,430.45,431.0,1707,0
2026-04-28T10:30:00+05:30,431.0,433.0,430.05,432.95,266,0
2026-04-28T10:45:00+05:30,431.65,432.95,431.0,432.65,628,0
2026-04-28T11:00:00+05:30,432.65,432.65,431.0,431.05,104,0
2026-04-28T11:15:00+05:30,431.05,431.05,431.0,431.0,217,0
2026-04-28T11:30:00+05:30,431.0,433.95,431.0,431.7,769,0
2026-04-28T11:45:00+05:30,431.75,433.5,431.05,431.1,676,0
2026-04-28T12:00:00+05:30,431.1,432.4,431.05,431.05,164,0
2026-04-28T12:15:00+05:30,431.05,431.05,431.05,431.05,0,0
2026-04-28T12:30:00+05:30,431.05,432.3,431.0,432.3,82,0
2026-04-28T12:45:00+05:30,432.3,432.3,431.0,431.05,201,0
2026-04-28T13:00:00+05:30,431.05,431.05,431.05,431.05,5,0
2026-04-28T13:15:00+05:30,431.05,431.05,431.0,431.0,273,0
2026-04-28T13:30:00+05:30,431.0,432.35,431.0,432.35,1078,0
2026-04-28T13:45:00+05:30,432.35,432.35,431.0,431.05,360,0
2026-04-28T14:00:00+05:30,431.05,431.95,431.05,431.95,57,0
2026-04-28T14:15:00+05:30,431.7,431.75,431.0,431.75,231,0
2026-04-28T14:30:00+05:30,431.75,431.75,431.0,431.0,215,0
2026-04-28T14:45:00+05:30,431.0,431.0,431.0,431.0,1,0
2026-04-28T15:00:00+05:30,431.0,431.75,431.0,431.0,2005,0
2026-04-28T15:15:00+05:30,431.0,431.5,422.5,431.5,1880,0
2026-04-29T09:15:00+05:30,429.95,434.95,429.55,430.55,513,0
2026-04-29T09:30:00+05:30,430.55,435.0,425.55,431.0,2302,0
2026-04-29T09:45:00+05:30,431.0,435.0,430.9,431.75,2381,0
2026-04-29T10:00:00+05:30,432.3,435.0,432.15,433.0,1126,0
2026-04-29T10:15:00+05:30,433.0,433.1,431.0,432.95,632,0
2026-04-29T10:30:00+05:30,432.95,433.1,427.25,432.55,2021,0
2026-04-29T10:45:00+05:30,432.55,433.5,423.05,433.3,3282,0
2026-04-29T11:00:00+05:30,433.3,434.9,430.0,434.6,3009,0
2026-04-29T11:15:00+05:30,434.6,434.6,432.6,434.5,97,0
2026-04-29T11:30:00+05:30,434.5,435.0,434.4,434.9,1953,0
2026-04-29T11:45:00+05:30,434.9,434.9,434.8,434.9,100,0
2026-04-29T12:00:00+05:30,434.65,434.9,432.6,433.4,644,0
2026-04-29T12:15:00+05:30,433.4,435.25,433.4,435.25,2176,0
2026-04-29T12:30:00+05:30,435.25,436.5,433.5,435.0,973,0
2026-04-29T12:45:00+05:30,435.0,439.0,434.95,439.0,1007,0
2026-04-29T13:00:00+05:30,438.85,445.8,438.85,442.2,11206,0
2026-04-29T13:15:00+05:30,442.2,445.15,440.1,444.95,6933,0
2026-04-29T13:30:00+05:30,444.95,444.95,438.0,439.45,1077,0
2026-04-29T13:45:00+05:30,439.45,440.85,438.0,440.1,1097,0
2026-04-29T14:00:00+05:30,440.95,443.0,439.25,440.0,1817,0
2026-04-29T14:15:00+05:30,440.0,441.5,438.05,441.5,335,0
2026-04-29T14:30:00+05:30,441.5,445.0,440.0,445.0,2886,0
2026-04-29T14:45:00+05:30,445.0,445.0,441.05,441.9,1312,0
2026-04-29T15:00:00+05:30,441.2,441.95,440.0,441.85,628,0
2026-04-29T15:15:00+05:30,441.85,442.4,440.0,442.4,2332,0
2026-04-30T09:15:00+05:30,440.0,441.5,430.25,435.2,1927,0
2026-04-30T09:30:00+05:30,434.75,437.45,434.5,436.55,277,0
2026-04-30T09:45:00+05:30,436.55,439.0,434.55,435.0,1138,0
2026-04-30T10:00:00+05:30,435.0,435.0,434.0,434.0,144,0
2026-04-30T10:15:00+05:30,434.0,434.7,430.5,430.5,1032,0
2026-04-30T10:30:00+05:30,430.5,433.0,430.0,430.0,421,0
2026-04-30T10:45:00+05:30,430.0,432.55,430.0,432.05,13,0
2026-04-30T11:00:00+05:30,432.05,433.55,432.05,432.05,311,0
2026-04-30T11:15:00+05:30,432.05,432.1,430.0,431.1,962,0
2026-04-30T11:30:00+05:30,431.1,432.95,431.1,432.95,1364,0
2026-04-30T11:45:00+05:30,433.25,437.0,433.25,437.0,269,0
2026-04-30T12:00:00+05:30,437.0,437.0,432.1,434.65,226,0
2026-04-30T12:15:00+05:30,434.65,434.65,434.0,434.0,28,0
2026-04-30T12:30:00+05:30,434.0,435.0,434.0,434.95,110,0
2026-04-30T12:45:00+05:30,434.95,435.0,433.1,433.2,525,0
2026-04-30T13:00:00+05:30,433.2,434.0,433.0,433.0,14,0
2026-04-30T13:15:00+05:30,433.0,435.0,433.0,435.0,866,0
2026-04-30T13:30:00+05:30,434.2,434.2,433.3,434.15,313,0
2026-04-30T13:45:00+05:30,434.15,434.85,433.2,434.85,141,0
2026-04-30T14:00:00+05:30,435.0,435.0,433.5,434.5,401,0
2026-04-30T14:15:00+05:30,434.5,434.55,433.25,434.55,22,0
2026-04-30T14:30:00+05:30,434.55,434.85,433.05,434.85,179,0
2026-04-30T14:45:00+05:30,434.85,435.0,433.5,434.65,362,0
2026-04-30T15:00:00+05:30,434.6,434.9,432.1,433.0,797,0
2026-04-30T15:15:00+05:30,433.0,433.5,430.0,430.0,1484,0
2026-05-04T09:15:00+05:30,431.9,435.85,431.9,433.95,219,0
2026-05-04T09:30:00+05:30,433.95,434.95,430.55,434.95,599,0
2026-05-04T09:45:00+05:30,434.95,436.45,431.1,432.4,605,0
2026-05-04T10:00:00+05:30,432.4,434.4,431.3,433.7,339,0
2026-05-04T10:15:00+05:30,433.7,433.7,430.6,430.8,147,0
2026-05-04T10:30:00+05:30,430.8,432.25,430.8,431.9,13,0
2026-05-04T10:45:00+05:30,431.9,431.9,430.05,430.05,46,0
2026-05-04T11:00:00+05:30,430.05,431.05,430.05,431.05,6,0
2026-05-04T11:15:00+05:30,431.05,432.4,427.05,429.6,808,0
2026-05-04T11:30:00+05:30,429.6,432.75,429.15,430.1,662,0
2026-05-04T11:45:00+05:30,430.1,431.55,430.0,431.55,42,0
2026-05-04T12:00:00+05:30,431.55,431.55,421.55,423.15,3093,0
2026-05-04T12:15:00+05:30,423.3,425.95,421.05,421.1,4410,0
2026-05-04T12:30:00+05:30,421.1,422.95,416.75,416.9,4289,0
2026-05-04T12:45:00+05:30,417.1,417.85,414.4,415.0,4089,0
2026-05-04T13:00:00+05:30,414.95,416.05,414.85,415.0,4373,0
2026-05-04T13:15:00+05:30,415.0,415.85,414.9,414.9,1404,0
2026-05-04T13:30:00+05:30,414.95,415.0,414.4,415.0,4019,0
2026-05-04T13:45:00+05:30,415.0,415.0,414.0,414.55,707,0
2026-05-04T14:00:00+05:30,414.55,415.35,408.05,409.65,5592,0
2026-05-04T14:15:00+05:30,411.85,413.1,409.65,410.05,6222,0
2026-05-04T14:30:00+05:30,410.1,411.55,409.6,409.7,6976,0
2026-05-04T14:45:00+05:30,409.9,411.75,407.05,407.45,5828,0
2026-05-04T15:00:00+05:30,408.0,411.15,406.55,407.2,8462,0
2026-05-04T15:15:00+05:30,407.25,410.95,407.15,410.0,8959,0
2026-05-05T09:15:00+05:30,406.1,415.45,406.0,415.45,10783,0
2026-05-05T09:30:00+05:30,415.55,416.8,415.05,416.8,747,0
2026-05-05T09:45:00+05:30,416.35,416.95,415.95,416.65,591,0
2026-05-05T10:00:00+05:30,416.65,416.65,414.85,414.85,300,0
2026-05-05T10:15:00+05:30,414.1,419.8,409.15,416.1,6376,0
2026-05-05T10:30:00+05:30,416.0,417.45,412.05,413.2,515,0
2026-05-05T10:45:00+05:30,413.2,413.2,412.5,413.1,31,0
2026-05-05T11:00:00+05:30,413.1,414.5,413.1,413.1,299,0
2026-05-05T11:15:00+05:30,413.95,415.95,413.3,413.6,339,0
2026-05-05T11:30:00+05:30,413.6,413.6,409.0,410.5,1430,0
2026-05-05T11:45:00+05:30,410.5,413.95,410.1,412.2,237,0
2026-05-05T12:00:00+05:30,412.45,415.9,411.0,414.6,707,0
2026-05-05T12:15:00+05:30,414.45,417.0,412.3,412.3,461,0
2026-05-05T12:30:00+05:30,412.3,412.35,412.25,412.35,19,0
2026-05-05T12:45:00+05:30,412.4,416.75,412.4,416.75,352,0
2026-05-05T13:00:00+05:30,413.5,414.85,413.0,413.1,402,0
2026-05-05T13:15:00+05:30,413.1,415.85,413.1,415.85,5,0
2026-05-05T13:30:00+05:30,415.85,418.85,413.0,416.1,1171,0
2026-05-05T13:45:00+05:30,416.05,416.1,413.85,415.4,234,0
2026-05-05T14:00:00+05:30,414.35,417.95,407.5,414.5,3009,0
2026-05-05T14:15:00+05:30,414.5,416.8,413.55,414.65,294,0
2026-05-05T14:30:00+05:30,413.55,414.8,411.1,412.75,737,0
2026-05-05T14:45:00+05:30,411.1,415.35,409.5,414.8,938,0
2026-05-05T15:00:00+05:30,414.8,414.8,411.1,411.25,131,0
2026-05-05T15:15:00+05:30,411.25,417.0,411.25,417.0,2537,0
2026-05-06T09:15:00+05:30,412.0,419.4,412.0,417.5,1765,0
2026-05-06T09:30:00+05:30,417.5,419.0,417.35,419.0,1388,0
2026-05-06T09:45:00+05:30,419.0,419.4,417.35,418.5,400,0
2026-05-06T10:00:00+05:30,418.5,418.5,417.15,418.0,257,0
2026-05-06T10:15:00+05:30,418.8,419.4,418.8,419.0,106,0
2026-05-06T10:30:00+05:30,419.0,419.2,418.05,419.2,1052,0
2026-05-06T10:45:00+05:30,419.2,419.2,418.0,419.0,206,0
2026-05-06T11:00:00+05:30,418.3,422.8,418.0,422.8,1138,0
2026-05-06T11:15:00+05:30,422.8,423.85,422.5,423.8,1408,0
2026-05-06T11:30:00+05:30,423.05,423.05,422.5,422.5,12,0
2026-05-06T11:45:00+05:30,422.5,423.1,422.5,423.1,343,0
2026-05-06T12:00:00+05:30,423.1,424.0,423.1,424.0,1109,0
2026-05-06T12:15:00+05:30,424.0,425.0,423.85,423.85,1411,0
2026-05-06T12:30:00+05:30,424.35,424.35,423.1,423.35,288,0
2026-05-06T12:45:00+05:30,423.35,423.45,422.55,422.55,126,0
2026-05-06T13:00:00+05:30,422.55,424.0,422.55,424.0,567,0
2026-05-06T13:15:00+05:30,424.0,424.05,424.0,424.0,50,0
2026-05-06T13:30:00+05:30,424.0,426.5,424.0,426.5,478,0
2026-05-06T13:45:00+05:30,426.5,427.95,426.4,427.95,331,0
2026-05-06T14:00:00+05:30,427.95,427.95,425.15,425.25,190,0
2026-05-06T14:15:00+05:30,425.25,427.75,425.25,427.05,854,0
2026-05-06T14:30:00+05:30,426.9,428.65,425.55,427.9,2436,0
2026-05-06T14:45:00+05:30,427.95,431.3,425.0,429.05,3060,0
2026-05-06T15:00:00+05:30,428.95,429.75,425.1,425.2,752,0
2026-05-06T15:15:00+05:30,425.2,427.9,425.0,427.9,1049,0
2026-05-07T09:15:00+05:30,428.0,435.0,425.75,432.8,5755,0
2026-05-07T09:30:00+05:30,432.8,434.5,431.0,432.55,2440,0
2026-05-07T09:45:00+05:30,432.25,433.4,432.2,432.2,667,0
2026-05-07T10:00:00+05:30,432.0,432.7,431.0,432.6,798,0
2026-05-07T10:15:00+05:30,432.6,432.75,432.0,432.15,308,0
2026-05-07T10:30:00+05:30,432.15,432.3,431.65,432.0,93,0
2026-05-07T10:45:00+05:30,432.25,432.75,431.0,432.5,979,0
2026-05-07T11:00:00+05:30,432.5,432.65,432.15,432.5,254,0
2026-05-07T11:15:00+05:30,432.5,432.5,431.2,431.8,519,0
2026-05-07T11:30:00+05:30,431.8,432.9,431.8,432.25,168,0
2026-05-07T11:45:00+05:30,432.25,433.5,431.0,433.5,1443,0
2026-05-07T12:00:00+05:30,432.95,433.7,432.9,433.35,78,0
2026-05-07T12:15:00+05:30,433.35,433.95,432.7,432.7,2641,0
2026-05-07T12:30:00+05:30,432.7,437.0,432.7,436.95,4164,0
2026-05-07T12:45:00+05:30,436.5,439.5,435.55,435.8,2539,0
2026-05-07T13:00:00+05:30,435.8,436.0,435.6,436.0,25,0
2026-05-07T13:15:00+05:30,436.45,436.5,436.0,436.5,371,0
2026-05-07T13:30:00+05:30,436.5,437.0,436.0,436.3,404,0
2026-05-07T13:45:00+05:30,436.2,436.85,435.1,435.95,683,0
2026-05-07T14:00:00+05:30,435.95,438.0,435.95,436.55,1000,0
2026-05-07T14:15:00+05:30,436.55,438.0,435.95,435.95,1237,0
2026-05-07T14:30:00+05:30,436.75,437.0,434.55,435.5,1623,0
2026-05-07T14:45:00+05:30,435.5,438.95,434.25,438.4,1882,0
2026-05-07T15:00:00+05:30,436.95,440.15,436.55,437.0,4781,0
2026-05-07T15:15:00+05:30,440.9,441.0,434.0,439.5,6033,0
2026-05-08T09:15:00+05:30,439.4,441.55,430.25,433.55,1474,0
2026-05-08T09:30:00+05:30,435.3,435.95,430.25,430.25,738,0
2026-05-08T09:45:00+05:30,431.35,434.25,431.2,433.75,237,0
2026-05-08T10:00:00+05:30,433.75,433.75,430.05,432.45,1027,0
2026-05-08T10:15:00+05:30,430.35,432.75,428.0,432.6,1413,0
2026-05-08T10:30:00+05:30,432.5,433.55,430.55,432.05,917,0
2026-05-08T10:45:00+05:30,432.95,435.6,432.65,434.5,931,0
2026-05-08T11:00:00+05:30,433.2,435.0,433.2,434.3,325,0
2026-05-08T11:15:00+05:30,434.9,435.05,432.7,432.75,834,0
2026-05-08T11:30:00+05:30,432.75,432.8,432.75,432.75,13,0
2026-05-08T11:45:00+05:30,432.95,436.05,432.95,436.0,1480,0
2026-05-08T12:00:00+05:30,436.0,436.0,434.7,435.05,197,0
2026-05-08T12:15:00+05:30,435.05,436.95,434.2,436.95,725,0
2026-05-08T12:30:00+05:30,436.95,436.95,435.0,436.8,558,0
2026-05-08T12:45:00+05:30,436.8,437.0,436.0,436.05,810,0
2026-05-08T13:00:00+05:30,436.05,437.15,436.05,437.15,25,0
2026-05-08T13:15:00+05:30,436.1,436.15,436.0,436.0,600,0
2026-05-08T13:30:00+05:30,436.0,438.9,436.0,438.9,346,0
2026-05-08T13:45:00+05:30,438.9,440.0,436.5,437.85,1066,0
2026-05-08T14:00:00+05:30,437.85,439.95,437.75,439.95,239,0
2026-05-08T14:15:00+05:30,439.95,440.8,438.1,440.5,947,0
2026-05-08T14:30:00+05:30,440.5,440.8,439.0,440.0,586,0
2026-05-08T14:45:00+05:30,439.3,440.0,439.0,440.0,416,0
2026-05-08T15:00:00+05:30,439.85,441.0,439.15,440.0,1544,0
2026-05-08T15:15:00+05:30,440.0,440.0,436.0,438.9,1680,0
2026-05-11T09:15:00+05:30,437.5,437.5,408.05,429.45,3648,0
2026-05-11T09:30:00+05:30,429.45,431.0,428.0,428.5,990,0
2026-05-11T09:45:00+05:30,428.5,429.5,428.0,428.0,437,0
2026-05-11T10:00:00+05:30,428.0,428.7,423.0,425.05,2467,0
2026-05-11T10:15:00+05:30,425.05,427.9,425.05,425.5,380,0
2026-05-11T10:30:00+05:30,426.4,426.95,424.95,426.0,433,0
2026-05-11T10:45:00+05:30,426.0,426.4,425.05,426.0,221,0
2026-05-11T11:00:00+05:30,426.0,428.0,425.5,427.85,628,0
2026-05-11T11:15:00+05:30,427.85,427.85,427.0,427.0,5,0
2026-05-11T11:30:00+05:30,427.0,427.0,427.0,427.0,0,0
2026-05-11T11:45:00+05:30,426.6,426.6,425.05,426.0,136,0
2026-05-11T12:00:00+05:30,426.0,426.0,423.0,425.1,1116,0
2026-05-11T12:15:00+05:30,425.1,426.3,420.05,420.05,1339,0
2026-05-11T12:30:00+05:30,420.05,424.85,420.05,423.4,601,0
2026-05-11T12:45:00+05:30,423.4,423.9,422.75,423.5,237,0
2026-05-11T13:00:00+05:30,423.25,423.25,421.0,422.8,272,0
2026-05-11T13:15:00+05:30,422.8,422.8,420.65,420.65,1090,0
2026-05-11T13:30:00+05:30,420.65,422.65,420.65,422.25,914,0
2026-05-11T13:45:00+05:30,422.25,425.8,421.0,423.0,2544,0
2026-05-11T14:00:00+05:30,423.2,423.85,421.0,422.5,164,0
2026-05-11T14:15:00+05:30,422.5,426.35,422.5,426.35,1422,0
2026-05-11T14:30:00+05:30,426.35,428.0,424.95,425.1,2299,0
2026-05-11T14:45:00+05:30,425.1,427.0,425.05,425.2,890,0
2026-05-11T15:00:00+05:30,425.1,428.0,425.05,426.5,1243,0
2026-05-11T15:15:00+05:30,426.5,427.75,415.0,425.0,3205,0
2026-05-12T09:15:00+05:30,425.0,431.35,417.1,428.0,4990,0
2026-05-12T09:30:00+05:30,428.0,428.5,425.1,428.5,3266,0
2026-05-12T09:45:00+05:30,428.5,432.6,425.1,430.15,2910,0
2026-05-12T10:00:00+05:30,430.15,432.5,430.0,431.05,1390,0
2026-05-12T10:15:00+05:30,431.65,434.0,431.6,433.25,1167,0
2026-05-12T10:30:00+05:30,433.5,435.0,431.3,433.55,1441,0
2026-05-12T10:45:00+05:30,433.6,435.6,432.9,434.65,940,0
2026-05-12T11:00:00+05:30,434.9,435.6,434.9,435.0,604,0
2026-05-12T11:15:00+05:30,435.05,435.7,435.0,435.1,292,0
2026-05-12T11:30:00+05:30,435.1,435.1,434.0,434.05,1895,0
2026-05-12T11:45:00+05:30,435.0,435.45,434.45,435.0,342,0
2026-05-12T12:00:00+05:30,435.0,435.0,434.6,434.6,94,0
2026-05-12T12:15:00+05:30,434.6,435.45,434.6,434.65,501,0
2026-05-12T12:30:00+05:30,435.0,435.0,433.1,433.1,3527,0
2026-05-12T12:45:00+05:30,433.1,435.05,433.1,435.05,319,0
2026-05-12T13:00:00+05:30,434.5,435.1,434.3,435.0,245,0
2026-05-12T13:15:00+05:30,434.35,437.0,432.55,435.2,3193,0
2026-05-12T13:30:00+05:30,435.2,435.5,434.1,434.9,1081,0
2026-05-12T13:45:00+05:30,434.8,436.95,433.7,435.0,3231,0
2026-05-12T14:00:00+05:30,435.0,435.5,431.0,434.7,11676,0
2026-05-12T14:15:00+05:30,435.0,437.05,433.25,435.95,3154,0
2026-05-12T14:30:00+05:30,435.95,436.95,433.15,435.5,1358,0
2026-05-12T14:45:00+05:30,434.6,437.45,433.6,435.0,3343,0
2026-05-12T15:00:00+05:30,435.5,437.0,425.7,437.0,11238,0
2026-05-12T15:15:00+05:30,437.85,439.0,430.85,435.0,4389,0
2026-05-13T09:15:00+05:30,425.15,464.7,425.1,449.05,35360,0
2026-05-13T09:30:00+05:30,449.2,452.8,440.0,447.0,9415,0
2026-05-13T09:45:00+05:30,445.55,455.0,445.55,453.7,5144,0
2026-05-13T10:00:00+05:30,453.65,456.0,450.0,451.1,5796,0
2026-05-13T10:15:00+05:30,452.55,469.6,451.75,468.9,41995,0
2026-05-13T10:30:00+05:30,468.8,470.0,462.05,462.9,15781,0
2026-05-13T10:45:00+05:30,463.1,469.15,462.55,465.65,13361,0
2026-05-13T11:00:00+05:30,465.55,468.35,459.7,466.05,13936,0
2026-05-13T11:15:00+05:30,466.9,474.4,465.15,469.85,29548,0
2026-05-13T11:30:00+05:30,470.0,471.2,459.0,459.65,16017,0
2026-05-13T11:45:00+05:30,459.65,467.2,459.0,463.55,7221,0
2026-05-13T12:00:00+05:30,463.55,465.7,460.85,463.7,3136,0
2026-05-13T12:15:00+05:30,464.45,469.9,462.3,462.3,5057,0
2026-05-13T12:30:00+05:30,462.4,465.0,460.3,462.8,3251,0
2026-05-13T12:45:00+05:30,462.8,463.85,456.0,459.0,5755,0
2026-05-13T13:00:00+05:30,458.05,460.85,457.2,460.75,1206,0
2026-05-13T13:15:00+05:30,460.65,460.75,455.0,457.8,4883,0
2026-05-13T13:30:00+05:30,457.55,466.8,455.55,460.3,5007,0
2026-05-13T13:45:00+05:30,460.45,464.85,457.1,461.9,2321,0
2026-05-13T14:00:00+05:30,460.4,462.0,457.55,460.05,3613,0
2026-05-13T14:15:00+05:30,460.0,465.1,458.7,465.1,2776,0
2026-05-13T14:30:00+05:30,465.9,465.9,458.3,459.85,2902,0
2026-05-13T14:45:00+05:30,460.7,462.95,458.2,459.0,2250,0
2026-05-13T15:00:00+05:30,459.0,460.0,457.5,459.95,3602,0
2026-05-13T15:15:00+05:30,459.05,460.9,449.8,455.0,24660,0
2026-05-14T09:15:00+05:30,462.95,465.55,457.25,460.55,3380,0
2026-05-14T09:30:00+05:30,460.2,460.75,456.0,456.0,1253,0
2026-05-14T09:45:00+05:30,456.0,457.5,443.3,443.3,5865,0
2026-05-14T10:00:00+05:30,445.45,451.45,445.45,450.4,1315,0
2026-05-14T10:15:00+05:30,450.15,450.35,445.55,446.1,1886,0
2026-05-14T10:30:00+05:30,446.3,448.7,446.1,448.7,657,0
2026-05-14T10:45:00+05:30,447.65,448.7,446.6,446.6,419,0
2026-05-14T11:00:00+05:30,446.4,446.6,446.0,446.6,293,0
2026-05-14T11:15:00+05:30,446.6,447.45,446.05,446.05,143,0
2026-05-14T11:30:00+05:30,446.05,447.9,446.05,447.9,397,0
2026-05-14T11:45:00+05:30,447.9,448.0,446.0,447.0,733,0
2026-05-14T12:00:00+05:30,447.0,447.0,446.0,446.5,134,0
2026-05-14T12:15:00+05:30,446.5,447.8,445.9,447.1,857,0
2026-05-14T12:30:00+05:30,447.1,447.8,445.2,445.2,555,0
2026-05-14T12:45:00+05:30,446.7,446.95,445.6,446.95,67,0
2026-05-14T13:00:00+05:30,446.95,447.5,446.5,446.85,260,0
2026-05-14T13:15:00+05:30,447.2,448.0,446.7,446.7,1512,0
2026-05-14T13:30:00+05:30,446.7,447.95,446.05,447.0,492,0
2026-05-14T13:45:00+05:30,447.0,447.95,446.55,446.55,159,0
2026-05-14T14:00:00+05:30,446.55,448.0,446.25,446.7,721,0
2026-05-14T14:15:00+05:30,446.6,447.8,445.2,445.2,941,0
2026-05-14T14:30:00+05:30,445.2,448.0,445.2,445.95,960,0
2026-05-14T14:45:00+05:30,445.95,447.45,445.2,446.0,498,0
2026-05-14T15:00:00+05:30,447.0,448.0,445.2,446.9,1248,0
2026-05-14T15:15:00+05:30,446.9,447.0,443.2,443.2,1213,0
2026-05-15T09:15:00+05:30,456.0,456.15,383.55,435.75,13925,0
2026-05-15T09:30:00+05:30,435.75,436.75,430.0,435.8,2032,0
2026-05-15T09:45:00+05:30,435.8,436.05,432.5,432.55,1294,0
2026-05-15T10:00:00+05:30,432.55,432.55,424.55,429.3,4337,0
2026-05-15T10:15:00+05:30,428.95,432.6,426.0,427.3,1919,0
2026-05-15T10:30:00+05:30,426.1,428.55,421.9,423.85,2730,0
2026-05-15T10:45:00+05:30,423.75,425.9,422.2,424.05,2942,0
2026-05-15T11:00:00+05:30,424.05,427.55,423.6,425.35,833,0
2026-05-15T11:15:00+05:30,425.3,434.5,421.9,427.05,18162,0
2026-05-15T11:30:00+05:30,427.35,427.35,419.25,421.85,6614,0
2026-05-15T11:45:00+05:30,421.85,426.95,421.85,426.0,2313,0
2026-05-15T12:00:00+05:30,426.0,426.6,424.35,424.75,1170,0
2026-05-15T12:15:00+05:30,424.75,425.7,421.65,423.25,1135,0
2026-05-15T12:30:00+05:30,423.25,425.85,423.25,425.8,1127,0
2026-05-15T12:45:00+05:30,426.35,431.95,425.1,430.55,2613,0
2026-05-15T13:00:00+05:30,430.55,431.95,429.95,431.0,2385,0
2026-05-15T13:15:00+05:30,431.0,431.05,429.55,429.55,289,0
2026-05-15T13:30:00+05:30,430.6,430.75,429.55,430.75,483,0
2026-05-15T13:45:00+05:30,430.75,431.1,428.75,428.75,1084,0
2026-05-15T14:00:00+05:30,428.75,428.95,426.1,426.15,962,0
2026-05-15T14:15:00+05:30,426.15,427.8,426.1,426.55,938,0
2026-05-15T14:30:00+05:30,426.55,427.75,425.05,425.95,1366,0
2026-05-15T14:45:00+05:30,425.95,427.45,423.2,423.2,1010,0
2026-05-15T15:00:00+05:30,423.2,426.25,423.0,423.8,3351,0
2026-05-15T15:15:00+05:30,423.8,427.4,423.0,427.3,5636,0
2026-05-18T09:15:00+05:30,445.0,450.0,435.0,437.0,27257,0
2026-05-18T09:30:00+05:30,437.1,444.0,430.1,438.75,18076,0
2026-05-18T09:45:00+05:30,438.0,439.9,430.95,435.25,5226,0
2026-05-18T10:00:00+05:30,435.75,440.0,435.35,439.6,4725,0
2026-05-18T10:15:00+05:30,439.85,440.0,436.2,436.2,3084,0
2026-05-18T10:30:00+05:30,436.2,437.2,434.0,436.0,2114,0
2026-05-18T10:45:00+05:30,436.0,438.7,434.65,434.65,2785,0
2026-05-18T11:00:00+05:30,434.65,438.0,434.6,437.95,1425,0
2026-05-18T11:15:00+05:30,437.95,437.95,434.1,435.0,2371,0
2026-05-18T11:30:00+05:30,435.5,437.45,433.4,433.45,2484,0
2026-05-18T11:45:00+05:30,433.45,435.65,433.1,433.1,706,0
2026-05-18T12:00:00+05:30,433.1,435.55,433.1,434.0,547,0
2026-05-18T12:15:00+05:30,434.0,435.95,433.15,435.7,690,0
2026-05-18T12:30:00+05:30,435.8,436.4,435.1,436.35,1172,0
2026-05-18T12:45:00+05:30,436.35,437.0,435.05,436.0,970,0
2026-05-18T13:00:00+05:30,436.0,436.95,435.5,436.95,1040,0
2026-05-18T13:15:00+05:30,436.65,438.0,436.15,436.85,1369,0
2026-05-18T13:30:00+05:30,436.85,440.45,436.85,437.85,2010,0
2026-05-18T13:45:00+05:30,438.2,439.75,437.3,439.25,690,0
2026-05-18T14:00:00+05:30,439.25,441.0,439.2,440.95,1552,0
2026-05-18T14:15:00+05:30,440.5,440.5,438.05,438.05,1417,0
2026-05-18T14:30:00+05:30,438.05,440.0,438.0,439.0,1142,0
2026-05-18T14:45:00+05:30,439.0,439.8,431.55,437.45,6733,0
2026-05-18T15:00:00+05:30,436.5,439.5,434.95,438.05,2640,0
2026-05-18T15:15:00+05:30,438.05,448.9,438.0,446.0,12022,0
2026-05-19T09:15:00+05:30,450.0,469.9,449.0,458.5,21923,0
2026-05-19T09:30:00+05:30,459.65,466.0,459.65,463.15,12241,0
2026-05-19T09:45:00+05:30,463.9,465.65,462.0,464.35,10448,0
2026-05-19T10:00:00+05:30,464.3,469.0,463.55,467.0,14397,0
2026-05-19T10:15:00+05:30,467.0,468.9,462.25,465.0,10583,0
2026-05-19T10:30:00+05:30,465.2,467.25,463.4,463.85,1611,0
2026-05-19T10:45:00+05:30,463.35,464.3,462.0,463.0,2008,0
2026-05-19T11:00:00+05:30,462.85,464.3,462.0,462.8,1775,0
2026-05-19T11:15:00+05:30,464.0,464.15,462.05,463.8,1010,0
2026-05-19T11:30:00+05:30,463.9,463.9,462.4,463.75,546,0
2026-05-19T11:45:00+05:30,463.75,463.95,462.45,462.45,493,0
2026-05-19T12:00:00+05:30,463.4,463.9,462.0,462.25,740,0
2026-05-19T12:15:00+05:30,463.05,463.45,462.0,462.0,757,0
2026-05-19T12:30:00+05:30,462.0,464.0,462.0,462.1,1204,0
2026-05-19T12:45:00+05:30,462.1,463.7,462.0,462.3,697,0
2026-05-19T13:00:00+05:30,462.4,464.3,462.0,462.0,2945,0
2026-05-19T13:15:00+05:30,462.7,462.7,462.0,462.5,3912,0
2026-05-19T13:30:00+05:30,462.6,462.9,462.0,462.0,548,0
2026-05-19T13:45:00+05:30,462.0,465.95,462.0,465.85,3025,0
2026-05-19T14:00:00+05:30,465.05,465.9,465.0,465.2,2045,0
2026-05-19T14:15:00+05:30,465.0,466.5,463.15,463.3,4266,0
2026-05-19T14:30:00+05:30,463.3,465.0,463.3,463.55,642,0
2026-05-19T14:45:00+05:30,463.55,464.75,460.1,461.25,4721,0
2026-05-19T15:00:00+05:30,461.3,465.0,460.1,461.55,5264,0
2026-05-19T15:15:00+05:30,461.55,466.0,460.1,464.0,13024,0
2026-05-20T09:15:00+05:30,428.0,435.0,407.0,431.4,79436,0
2026-05-20T09:30:00+05:30,431.3,436.75,427.45,436.0,15341,0
2026-05-20T09:45:00+05:30,436.0,446.3,436.0,446.3,26786,0
2026-05-20T10:00:00+05:30,444.5,445.2,436.2,436.6,5538,0
2026-05-20T10:15:00+05:30,436.6,439.9,434.3,435.85,6883,0
2026-05-20T10:30:00+05:30,436.0,439.45,436.0,437.5,2254,0
2026-05-20T10:45:00+05:30,437.4,440.0,436.15,439.85,2561,0
2026-05-20T11:00:00+05:30,439.85,440.0,438.55,439.55,428,0
2026-05-20T11:15:00+05:30,438.65,441.8,434.85,441.1,4087,0
2026-05-20T11:30:00+05:30,441.1,442.25,439.35,439.4,861,0
2026-05-20T11:45:00+05:30,439.0,439.8,437.1,437.3,1089,0
2026-05-20T12:00:00+05:30,437.2,440.7,435.0,437.25,1784,0
2026-05-20T12:15:00+05:30,436.65,438.15,435.05,436.85,1083,0
2026-05-20T12:30:00+05:30,436.0,437.9,435.15,436.0,1135,0
2026-05-20T12:45:00+05:30,436.65,437.6,434.5,435.35,1780,0
2026-05-20T13:00:00+05:30,435.8,435.8,433.1,435.45,1813,0
2026-05-20T13:15:00+05:30,435.0,435.45,433.0,433.8,1228,0
2026-05-20T13:30:00+05:30,433.25,434.95,432.45,432.9,1879,0
2026-05-20T13:45:00+05:30,432.95,436.3,432.55,435.15,2263,0
2026-05-20T14:00:00+05:30,435.2,440.6,433.95,438.75,5799,0
2026-05-20T14:15:00+05:30,438.7,440.0,437.15,437.85,1152,0
2026-05-20T14:30:00+05:30,438.45,440.0,438.05,438.55,1814,0
2026-05-20T14:45:00+05:30,438.5,440.35,437.65,440.2,1890,0
2026-05-20T15:00:00+05:30,440.2,440.5,435.0,436.0,2033,0
2026-05-20T15:15:00+05:30,435.95,438.4,433.0,437.85,5909,0
2026-05-21T09:15:00+05:30,433.0,442.85,433.0,440.0,3085,0
2026-05-21T09:30:00+05:30,440.0,441.1,426.5,433.4,11394,0
2026-05-21T09:45:00+05:30,433.6,437.4,433.6,436.9,3162,0
2026-05-21T10:00:00+05:30,436.35,436.35,434.0,434.0,1874,0
2026-05-21T10:15:00+05:30,434.5,435.5,433.95,434.0,1329,0
2026-05-21T10:30:00+05:30,434.0,434.5,433.0,434.15,857,0
2026-05-21T10:45:00+05:30,434.15,434.95,434.15,434.45,677,0
2026-05-21T11:00:00+05:30,434.45,434.45,433.9,433.9,46,0
2026-05-21T11:15:00+05:30,434.35,434.35,433.55,434.3,81,0
2026-05-21T11:30:00+05:30,434.3,434.3,433.0,433.0,425,0
2026-05-21T11:45:00+05:30,433.0,433.05,433.0,433.0,272,0
2026-05-21T12:00:00+05:30,433.0,433.75,433.0,433.75,64,0
2026-05-21T12:15:00+05:30,433.95,434.95,433.3,434.95,250,0
2026-05-21T12:30:00+05:30,434.95,434.95,433.0,433.95,565,0
2026-05-21T12:45:00+05:30,433.95,436.0,433.95,434.45,612,0
2026-05-21T13:00:00+05:30,434.6,434.6,434.05,434.05,157,0
2026-05-21T13:15:00+05:30,434.05,434.05,426.0,430.0,7392,0
2026-05-21T13:30:00+05:30,430.0,434.6,430.0,434.4,1909,0
2026-05-21T13:45:00+05:30,434.2,434.2,432.6,433.75,263,0
2026-05-21T14:00:00+05:30,433.75,433.75,430.85,432.1,352,0
2026-05-21T14:15:00+05:30,432.1,434.2,432.1,433.5,513,0
2026-05-21T14:30:00+05:30,433.5,433.5,430.45,432.5,376,0
2026-05-21T14:45:00+05:30,432.5,434.0,431.85,433.9,1698,0
2026-05-21T15:00:00+05:30,433.9,433.9,431.35,432.1,1110,0
2026-05-21T15:15:00+05:30,432.75,433.95,431.65,433.9,1686,0
2026-05-22T09:15:00+05:30,436.0,436.2,434.1,434.85,774,0
2026-05-22T09:30:00+05:30,434.85,437.9,434.85,437.45,492,0
2026-05-22T09:45:00+05:30,437.6,438.1,436.85,438.1,125,0
2026-05-22T10:00:00+05:30,436.85,437.3,430.5,430.8,1688,0
2026-05-22T10:15:00+05:30,431.95,432.25,431.2,432.2,73,0
2026-05-22T10:30:00+05:30,432.2,434.75,431.85,434.75,1043,0
2026-05-22T10:45:00+05:30,434.75,436.9,434.75,435.8,115,0
2026-05-22T11:00:00+05:30,435.35,435.35,431.3,432.0,2764,0
2026-05-22T11:15:00+05:30,432.0,433.05,432.0,432.0,260,0
2026-05-22T11:30:00+05:30,432.75,433.45,432.0,432.15,1193,0
2026-05-22T11:45:00+05:30,432.15,433.7,432.15,433.55,75,0
2026-05-22T12:00:00+05:30,433.55,433.55,432.0,432.0,691,0
2026-05-22T12:15:00+05:30,432.0,432.3,430.8,432.25,1091,0
2026-05-22T12:30:00+05:30,432.65,433.0,431.05,432.0,1170,0
2026-05-22T12:45:00+05:30,431.95,433.05,427.55,427.55,3290,0
2026-05-22T13:00:00+05:30,427.55,429.1,426.1,429.1,527,0
2026-05-22T13:15:00+05:30,429.1,429.8,428.0,428.0,257,0
2026-05-22T13:30:00+05:30,429.05,429.7,429.0,429.0,131,0
2026-05-22T13:45:00+05:30,429.0,429.0,426.25,427.95,1098,0
2026-05-22T14:00:00+05:30,427.95,429.05,427.15,429.05,84,0
2026-05-22T14:15:00+05:30,429.05,431.65,428.85,431.15,598,0
2026-05-22T14:30:00+05:30,431.15,431.2,430.9,431.2,150,0
2026-05-22T14:45:00+05:30,431.2,431.2,428.0,428.0,5235,0
2026-05-22T15:00:00+05:30,427.65,428.25,425.0,426.0,5554,0
2026-05-22T15:15:00+05:30,426.0,427.0,420.6,424.95,10151,0
2026-05-25T09:15:00+05:30,433.8,445.6,433.1,441.4,10397,0
2026-05-25T09:30:00+05:30,440.85,441.0,434.75,436.0,4306,0
2026-05-25T09:45:00+05:30,436.0,436.0,431.6,432.0,2687,0
2026-05-25T10:00:00+05:30,432.0,437.0,432.0,435.95,1421,0
2026-05-25T10:15:00+05:30,434.9,435.4,432.8,432.8,664,0
2026-05-25T10:30:00+05:30,432.9,435.55,432.0,435.5,2071,0
2026-05-25T10:45:00+05:30,436.0,443.7,436.0,443.7,3434,0
2026-05-25T11:00:00+05:30,443.05,444.0,442.5,443.0,2016,0
2026-05-25T11:15:00+05:30,443.05,443.8,442.5,443.0,1037,0
2026-05-25T11:30:00+05:30,443.3,445.6,443.2,445.2,4049,0
2026-05-25T11:45:00+05:30,445.0,445.2,444.45,445.0,931,0
2026-05-25T12:00:00+05:30,445.3,449.35,445.0,447.5,3654,0
2026-05-25T12:15:00+05:30,447.5,449.15,447.5,449.15,1401,0
2026-05-25T12:30:00+05:30,448.65,451.95,448.0,448.05,3166,0
2026-05-25T12:45:00+05:30,448.45,451.5,448.0,449.9,2046,0
2026-05-25T13:00:00+05:30,449.9,452.0,449.85,452.0,1023,0
2026-05-25T13:15:00+05:30,452.0,456.0,451.65,454.8,5098,0
2026-05-25T13:30:00+05:30,454.45,455.95,452.8,455.0,7825,0
2026-05-25T13:45:00+05:30,455.0,465.9,455.0,463.1,13419,0
2026-05-25T14:00:00+05:30,463.0,463.2,459.0,460.0,5890,0
2026-05-25T14:15:00+05:30,460.0,460.9,458.0,458.05,11821,0
2026-05-25T14:30:00+05:30,458.05,461.9,458.0,461.1,5339,0
2026-05-25T14:45:00+05:30,461.5,461.5,460.0,460.05,1146,0
2026-05-25T15:00:00+05:30,460.5,461.5,458.55,461.5,4594,0
2026-05-25T15:15:00+05:30,461.35,461.9,455.0,459.0,10006,0
2026-05-26T09:15:00+05:30,460.9,463.8,452.7,453.7,2813,0
2026-05-26T09:30:00+05:30,453.0,459.8,453.0,458.5,2320,0
2026-05-26T09:45:00+05:30,458.35,459.9,458.05,459.15,627,0
2026-05-26T10:00:00+05:30,458.35,458.4,455.3,456.0,1377,0
2026-05-26T10:15:00+05:30,456.0,459.8,456.0,458.55,909,0
2026-05-26T10:30:00+05:30,458.55,463.7,458.55,462.5,1191,0
2026-05-26T10:45:00+05:30,462.55,467.0,462.5,465.25,1900,0
2026-05-26T11:00:00+05:30,465.6,465.95,464.0,464.7,1295,0
2026-05-26T11:15:00+05:30,464.6,466.0,463.0,464.2,825,0
2026-05-26T11:30:00+05:30,464.2,464.2,462.5,462.5,363,0
2026-05-26T11:45:00+05:30,462.5,463.9,458.1,459.5,819,0
2026-05-26T12:00:00+05:30,457.55,458.65,456.65,457.0,793,0
2026-05-26T12:15:00+05:30,457.15,460.15,457.0,458.2,389,0
2026-05-26T12:30:00+05:30,458.2,458.2,455.0,456.0,1489,0
2026-05-26T12:45:00+05:30,456.45,458.2,451.0,453.1,2685,0
2026-05-26T13:00:00+05:30,453.0,454.65,452.5,453.3,282,0
2026-05-26T13:15:00+05:30,453.25,455.5,453.0,454.95,317,0
2026-05-26T13:30:00+05:30,454.7,456.0,454.2,456.0,1591,0
2026-05-26T13:45:00+05:30,455.45,455.55,445.0,448.2,4009,0
2026-05-26T14:00:00+05:30,448.5,450.0,445.0,445.1,2225,0
2026-05-26T14:15:00+05:30,444.85,445.05,440.0,440.5,8621,0
2026-05-26T14:30:00+05:30,440.6,441.8,440.4,441.5,489,0
2026-05-26T14:45:00+05:30,441.5,442.95,441.0,442.0,761,0
2026-05-26T15:00:00+05:30,442.45,443.15,440.0,440.0,3795,0
2026-05-26T15:15:00+05:30,440.5,442.0,440.0,442.0,2466,0
2026-05-27T09:15:00+05:30,446.5,449.05,441.1,443.3,1428,0
2026-05-27T09:30:00+05:30,442.6,445.35,441.1,441.1,1551,0
2026-05-27T09:45:00+05:30,441.1,445.75,441.1,444.7,1070,0
2026-05-27T10:00:00+05:30,444.7,445.0,443.8,444.05,136,0
2026-05-27T10:15:00+05:30,444.05,445.2,443.0,444.95,301,0
2026-05-27T10:30:00+05:30,444.95,445.3,443.65,444.75,194,0
2026-05-27T10:45:00+05:30,444.7,446.95,443.0,443.85,571,0
2026-05-27T11:00:00+05:30,443.85,445.4,443.55,444.05,149,0
2026-05-27T11:15:00+05:30,444.9,445.45,443.9,444.6,138,0
2026-05-27T11:30:00+05:30,445.0,445.95,444.25,445.3,320,0
2026-05-27T11:45:00+05:30,446.05,446.3,445.25,445.25,514,0
2026-05-27T12:00:00+05:30,445.25,445.25,445.25,445.25,21,0
2026-05-27T12:15:00+05:30,445.25,445.55,444.0,445.55,137,0
2026-05-27T12:30:00+05:30,445.55,445.55,443.55,444.0,358,0
2026-05-27T12:45:00+05:30,444.0,444.65,444.0,444.65,50,0
2026-05-27T13:00:00+05:30,443.8,444.2,442.6,443.3,204,0
2026-05-27T13:15:00+05:30,443.6,444.85,443.05,443.2,179,0
2026-05-27T13:30:00+05:30,443.2,444.35,443.0,443.9,55,0
2026-05-27T13:45:00+05:30,443.9,443.9,443.9,443.9,13,0
2026-05-27T14:00:00+05:30,443.9,444.75,441.1,444.1,1297,0
2026-05-27T14:15:00+05:30,444.1,444.3,441.65,444.3,473,0
2026-05-27T14:30:00+05:30,444.3,444.3,441.2,441.2,262,0
2026-05-27T14:45:00+05:30,441.9,442.5,439.0,441.3,1288,0
2026-05-27T15:00:00+05:30,441.3,442.95,440.55,442.0,375,0
2026-05-27T15:15:00+05:30,442.0,448.9,442.0,442.4,1626,0
2026-05-29T09:15:00+05:30,448.8,451.9,445.05,447.5,1870,0
2026-05-29T09:30:00+05:30,447.5,450.95,447.05,450.85,985,0
2026-05-29T09:45:00+05:30,450.85,455.0,448.7,452.0,3905,0
2026-05-29T10:00:00+05:30,452.0,452.95,451.3,452.95,505,0
2026-05-29T10:15:00+05:30,452.0,453.45,451.35,453.0,752,0
2026-05-29T10:30:00+05:30,452.1,452.75,450.1,452.4,523,0
2026-05-29T10:45:00+05:30,452.4,453.0,449.1,449.1,1674,0
2026-05-29T11:00:00+05:30,449.1,450.3,443.6,446.0,2512,0
2026-05-29T11:15:00+05:30,446.0,448.25,444.3,445.9,1134,0
2026-05-29T11:30:00+05:30,445.95,445.95,440.0,441.0,2411,0
2026-05-29T11:45:00+05:30,441.3,442.8,435.6,439.9,2352,0
2026-05-29T12:00:00+05:30,439.95,440.0,436.2,438.2,601,0
2026-05-29T12:15:00+05:30,438.2,442.9,436.6,438.6,1956,0
2026-05-29T12:30:00+05:30,438.05,440.15,437.9,438.25,434,0
2026-05-29T12:45:00+05:30,438.3,440.5,438.3,439.5,378,0
2026-05-29T13:00:00+05:30,439.35,440.05,438.3,439.4,458,0
2026-05-29T13:15:00+05:30,439.4,439.4,439.4,439.4,245,0
2026-05-29T13:30:00+05:30,439.4,440.5,439.4,439.45,555,0
2026-05-29T13:45:00+05:30,439.45,439.45,437.1,437.1,986,0
2026-05-29T14:00:00+05:30,437.9,438.9,437.05,438.0,642,0
2026-05-29T14:15:00+05:30,438.0,438.95,432.6,436.0,1827,0
2026-05-29T14:30:00+05:30,436.05,438.65,435.0,435.0,779,0
2026-05-29T14:45:00+05:30,434.95,435.45,433.1,434.8,523,0
2026-05-29T15:00:00+05:30,434.7,435.0,432.5,433.1,1466,0
2026-05-29T15:15:00+05:30,433.15,435.0,421.5,427.85,10029,0
2026-06-01T09:15:00+05:30,432.0,441.85,432.0,440.0,3602,0
2026-06-01T09:30:00+05:30,441.05,446.7,438.65,438.65,1977,0
2026-06-01T09:45:00+05:30,438.65,439.45,435.6,439.45,639,0
2026-06-01T10:00:00+05:30,439.45,439.95,436.0,436.0,566,0
2026-06-01T10:15:00+05:30,436.0,436.0,434.75,435.4,117,0
2026-06-01T10:30:00+05:30,434.5,436.0,434.5,435.9,176,0
2026-06-01T10:45:00+05:30,435.9,436.75,435.25,436.75,252,0
2026-06-01T11:00:00+05:30,436.75,437.75,435.3,435.3,51,0
2026-06-01T11:15:00+05:30,435.3,438.45,435.3,436.95,243,0
2026-06-01T11:30:00+05:30,436.65,436.95,436.65,436.95,32,0
2026-06-01T11:45:00+05:30,436.95,436.95,436.2,436.2,22,0
2026-06-01T12:00:00+05:30,436.2,437.85,435.4,436.25,147,0
2026-06-01T12:15:00+05:30,436.25,437.0,436.15,437.0,51,0
2026-06-01T12:30:00+05:30,437.0,437.0,436.1,436.1,18,0
2026-06-01T12:45:00+05:30,436.1,436.2,436.1,436.1,30,0
2026-06-01T13:00:00+05:30,436.1,436.2,434.1,434.1,317,0
2026-06-01T13:15:00+05:30,434.1,434.55,434.0,434.55,28,0
2026-06-01T13:30:00+05:30,434.2,434.2,431.1,431.65,1442,0
2026-06-01T13:45:00+05:30,431.6,431.8,428.6,429.7,523,0
2026-06-01T14:00:00+05:30,429.7,434.0,429.0,431.6,1522,0
2026-06-01T14:15:00+05:30,431.0,434.7,431.0,433.9,75,0
2026-06-01T14:30:00+05:30,433.9,435.0,433.05,434.3,566,0
2026-06-01T14:45:00+05:30,434.3,436.95,434.3,436.75,496,0
2026-06-01T15:00:00+05:30,436.75,437.95,436.35,437.15,774,0
2026-06-01T15:15:00+05:30,436.35,438.25,431.3,432.0,2018,0
2026-06-02T09:15:00+05:30,432.75,442.95,432.75,439.0,5786,0
2026-06-02T09:30:00+05:30,439.5,440.0,438.15,438.25,860,0
2026-06-02T09:45:00+05:30,438.25,439.75,437.35,438.25,390,0
2026-06-02T10:00:00+05:30,438.25,439.45,437.6,437.6,84,0
2026-06-02T10:15:00+05:30,437.6,438.2,437.15,438.0,261,0
2026-06-02T10:30:00+05:30,437.2,438.0,437.2,438.0,29,0
2026-06-02T10:45:00+05:30,438.0,439.95,437.45,437.7,144,0
2026-06-02T11:00:00+05:30,437.7,439.75,437.7,438.6,750,0
2026-06-02T11:15:00+05:30,438.0,438.6,437.65,437.65,415,0
2026-06-02T11:30:00+05:30,437.65,438.0,437.25,437.35,57,0
2026-06-02T11:45:00+05:30,437.35,437.35,437.35,437.35,22,0
2026-06-02T12:00:00+05:30,437.2,437.2,437.0,437.0,49,0
2026-06-02T12:15:00+05:30,437.0,437.8,437.0,437.3,106,0
2026-06-02T12:30:00+05:30,437.0,437.25,435.85,437.0,310,0
2026-06-02T12:45:00+05:30,437.0,437.0,436.3,436.3,1,0
2026-06-02T13:00:00+05:30,436.3,437.15,436.3,437.15,122,0
2026-06-02T13:15:00+05:30,437.15,437.5,436.95,437.5,21,0
2026-06-02T13:30:00+05:30,437.5,437.85,436.85,436.85,44,0
2026-06-02T13:45:00+05:30,436.85,437.95,436.85,437.85,28,0
2026-06-02T14:00:00+05:30,437.85,437.85,437.2,437.2,1,0
2026-06-02T14:15:00+05:30,437.2,437.95,436.3,437.25,192,0
2026-06-02T14:30:00+05:30,436.5,437.0,434.5,435.65,447,0
2026-06-02T14:45:00+05:30,435.65,436.55,435.1,435.1,632,0
2026-06-02T15:00:00+05:30,435.1,436.55,434.05,436.5,1008,0
2026-06-02T15:15:00+05:30,435.8,439.95,435.4,435.5,1033,0
2026-06-03T09:15:00+05:30,436.7,436.85,429.55,432.25,2523,0
2026-06-03T09:30:00+05:30,432.35,433.5,431.2,431.55,1368,0
2026-06-03T09:45:00+05:30,432.45,434.8,431.2,433.75,432,0
2026-06-03T10:00:00+05:30,433.0,433.05,432.05,433.05,93,0
2026-06-03T10:15:00+05:30,432.9,434.35,432.3,434.35,504,0
2026-06-03T10:30:00+05:30,434.35,434.35,433.6,433.6,39,0
2026-06-03T10:45:00+05:30,433.6,434.3,432.65,432.65,115,0
2026-06-03T11:00:00+05:30,432.65,433.85,432.65,433.2,3,0
2026-06-03T11:15:00+05:30,433.2,433.7,432.05,433.7,195,0
2026-06-03T11:30:00+05:30,433.0,433.65,432.25,432.9,23,0
2026-06-03T11:45:00+05:30,432.9,432.9,432.1,432.75,37,0
2026-06-03T12:00:00+05:30,432.15,432.15,430.0,430.0,1119,0
2026-06-03T12:15:00+05:30,430.0,431.05,430.0,430.0,33,0
2026-06-03T12:30:00+05:30,430.0,431.0,430.0,431.0,141,0
2026-06-03T12:45:00+05:30,431.0,433.75,430.95,433.75,556,0
2026-06-03T13:00:00+05:30,433.45,433.45,431.75,431.75,53,0
2026-06-03T13:15:00+05:30,432.9,433.0,431.55,433.0,133,0
2026-06-03T13:30:00+05:30,432.6,433.7,432.1,432.8,414,0
2026-06-03T13:45:00+05:30,432.8,433.8,431.0,431.05,590,0
2026-06-03T14:00:00+05:30,431.05,432.95,428.1,428.1,1501,0
2026-06-03T14:15:00+05:30,429.85,432.75,428.8,432.75,2971,0
2026-06-03T14:30:00+05:30,432.75,432.75,430.25,430.9,283,0
2026-06-03T14:45:00+05:30,430.9,431.8,430.0,431.5,496,0
2026-06-03T15:00:00+05:30,431.7,431.7,427.2,431.35,1659,0
2026-06-03T15:15:00+05:30,428.85,431.95,428.4,430.1,1756,0
2026-06-04T09:15:00+05:30,433.0,433.4,429.1,432.25,604,0
2026-06-04T09:30:00+05:30,432.25,435.1,431.05,431.05,510,0
2026-06-04T09:45:00+05:30,434.0,434.75,428.0,428.65,3201,0
2026-06-04T10:00:00+05:30,428.6,428.65,425.35,428.0,1040,0
2026-06-04T10:15:00+05:30,428.4,428.9,427.6,428.0,322,0
2026-06-04T10:30:00+05:30,427.95,428.3,426.2,428.25,830,0
2026-06-04T10:45:00+05:30,428.25,428.6,426.55,427.65,1737,0
2026-06-04T11:00:00+05:30,427.4,428.45,425.65,426.3,491,0
2026-06-04T11:15:00+05:30,426.0,426.0,425.0,426.0,1446,0
2026-06-04T11:30:00+05:30,426.0,428.0,423.3,426.2,1969,0
2026-06-04T11:45:00+05:30,426.2,426.2,422.75,425.0,2212,0
2026-06-04T12:00:00+05:30,425.0,427.5,424.5,427.15,1145,0
2026-06-04T12:15:00+05:30,427.05,427.5,425.1,426.1,785,0
2026-06-04T12:30:00+05:30,426.05,427.7,425.0,425.5,1321,0
2026-06-04T12:45:00+05:30,425.5,427.05,425.0,426.1,919,0
2026-06-04T13:00:00+05:30,425.85,426.25,424.05,424.6,1586,0
2026-06-04T13:15:00+05:30,424.55,425.0,424.0,424.9,508,0
2026-06-04T13:30:00+05:30,424.9,425.0,423.9,424.55,314,0
2026-06-04T13:45:00+05:30,424.7,424.8,422.0,424.5,1059,0
2026-06-04T14:00:00+05:30,424.5,425.0,424.0,424.8,289,0
2026-06-04T14:15:00+05:30,424.9,424.95,423.3,424.65,347,0
2026-06-04T14:30:00+05:30,424.65,424.7,424.35,424.5,237,0
2026-06-04T14:45:00+05:30,424.5,424.7,423.0,423.15,462,0
2026-06-04T15:00:00+05:30,423.85,424.15,422.0,423.0,2511,0
2026-06-04T15:15:00+05:30,422.9,424.75,422.0,424.75,1884,0
2026-06-05T09:15:00+05:30,424.0,428.7,424.0,426.2,975,0
2026-06-05T09:30:00+05:30,427.95,428.0,425.05,425.55,414,0
2026-06-05T09:45:00+05:30,425.55,427.95,425.55,427.4,199,0
2026-06-05T10:00:00+05:30,427.4,427.65,426.2,427.65,87,0
2026-06-05T10:15:00+05:30,427.0,429.0,425.55,425.85,1147,0
2026-06-05T10:30:00+05:30,425.95,427.0,425.9,427.0,20,0
2026-06-05T10:45:00+05:30,427.5,427.9,425.95,426.6,276,0
2026-06-05T11:00:00+05:30,426.7,427.0,425.8,425.8,1146,0
2026-06-05T11:15:00+05:30,425.8,426.5,425.65,425.65,38,0
2026-06-05T11:30:00+05:30,425.65,426.0,425.55,426.0,151,0
2026-06-05T11:45:00+05:30,426.0,427.0,425.85,426.75,247,0
2026-06-05T12:00:00+05:30,426.75,426.75,426.75,426.75,7,0
2026-06-05T12:15:00+05:30,426.75,427.0,426.1,426.15,206,0
2026-06-05T12:30:00+05:30,426.0,426.1,425.85,425.9,60,0
2026-06-05T12:45:00+05:30,425.9,426.2,425.9,426.1,16,0
2026-06-05T13:00:00+05:30,426.1,426.1,425.55,426.1,634,0
2026-06-05T13:15:00+05:30,426.1,426.85,425.65,425.65,88,0
2026-06-05T13:30:00+05:30,425.65,425.65,425.65,425.65,0,0
2026-06-05T13:45:00+05:30,425.65,426.65,425.5,426.55,143,0
2026-06-05T14:00:00+05:30,426.55,426.55,423.1,423.6,867,0
2026-06-05T14:15:00+05:30,423.6,424.95,423.15,424.95,160,0
2026-06-05T14:30:00+05:30,423.2,423.9,422.0,422.05,611,0
2026-06-05T14:45:00+05:30,422.05,422.05,421.0,421.5,3416,0
2026-06-05T15:00:00+05:30,421.5,423.25,420.6,422.85,1653,0
2026-06-05T15:15:00+05:30,422.25,425.05,422.05,422.05,2679,0
2026-06-08T09:15:00+05:30,419.15,420.25,415.55,420.25,878,0
2026-06-08T09:30:00+05:30,420.5,421.5,420.2,420.3,1476,0
2026-06-08T09:45:00+05:30,420.35,420.6,420.2,420.6,699,0
2026-06-08T10:00:00+05:30,420.6,421.45,420.2,420.8,275,0
2026-06-08T10:15:00+05:30,421.45,425.45,421.45,423.45,2646,0
2026-06-08T10:30:00+05:30,423.45,424.1,423.45,424.0,337,0
2026-06-08T10:45:00+05:30,424.0,424.85,424.0,424.85,38,0
2026-06-08T11:00:00+05:30,424.85,425.4,424.8,424.85,108,0
2026-06-08T11:15:00+05:30,425.3,425.7,423.9,423.9,178,0
2026-06-08T11:30:00+05:30,424.3,424.3,423.35,423.4,94,0
2026-06-08T11:45:00+05:30,423.4,424.3,423.4,424.05,100,0
2026-06-08T12:00:00+05:30,424.05,425.1,423.5,424.15,417,0
2026-06-08T12:15:00+05:30,423.95,424.0,423.75,423.95,96,0
2026-06-08T12:30:00+05:30,423.95,423.95,423.05,423.05,8,0
2026-06-08T12:45:00+05:30,423.05,424.0,423.05,424.0,15,0
2026-06-08T13:00:00+05:30,423.9,423.95,422.6,423.85,287,0
2026-06-08T13:15:00+05:30,423.85,423.85,422.85,422.85,149,0
2026-06-08T13:30:00+05:30,422.85,429.6,421.3,429.0,6050,0
2026-06-08T13:45:00+05:30,429.45,432.3,428.1,428.1,2081,0
2026-06-08T14:00:00+05:30,428.1,430.95,427.75,429.8,732,0
2026-06-08T14:15:00+05:30,429.75,430.7,427.55,427.55,946,0
2026-06-08T14:30:00+05:30,426.95,427.55,419.15,419.95,6988,0
2026-06-08T14:45:00+05:30,419.15,420.75,414.7,419.95,6184,0
2026-06-08T15:00:00+05:30,419.25,419.75,418.25,419.2,1410,0
2026-06-08T15:15:00+05:30,419.2,419.2,418.0,418.0,2052,0
2026-06-09T09:15:00+05:30,418.0,424.45,417.85,422.3,1782,0
2026-06-09T09:30:00+05:30,422.3,423.6,418.05,421.35,2394,0
2026-06-09T09:45:00+05:30,421.1,422.45,421.0,421.15,1471,0
2026-06-09T10:00:00+05:30,421.15,421.85,418.75,419.65,531,0
2026-06-09T10:15:00+05:30,419.65,419.7,418.15,418.15,225,0
2026-06-09T10:30:00+05:30,418.0,419.8,418.0,419.75,102,0
2026-06-09T10:45:00+05:30,419.75,419.85,418.95,419.2,114,0
2026-06-09T11:00:00+05:30,419.2,420.15,419.1,419.15,212,0
2026-06-09T11:15:00+05:30,419.15,419.4,419.15,419.4,12,0
2026-06-09T11:30:00+05:30,419.4,420.0,419.1,419.5,55,0
2026-06-09T11:45:00+05:30,419.7,420.5,419.1,419.4,281,0
2026-06-09T12:00:00+05:30,419.4,420.05,419.2,420.0,1269,0
2026-06-09T12:15:00+05:30,420.0,420.4,418.5,418.75,474,0
2026-06-09T12:30:00+05:30,418.75,419.95,418.75,418.8,125,0
2026-06-09T12:45:00+05:30,418.8,420.9,418.8,420.05,302,0
2026-06-09T13:00:00+05:30,420.05,423.0,420.05,420.55,981,0
2026-06-09T13:15:00+05:30,420.55,424.0,420.1,421.05,1279,0
2026-06-09T13:30:00+05:30,421.1,422.3,421.1,422.3,11,0
2026-06-09T13:45:00+05:30,421.9,425.1,421.65,422.4,130,0
2026-06-09T14:00:00+05:30,422.4,424.9,422.4,424.9,146,0
2026-06-09T14:15:00+05:30,424.9,424.9,423.65,424.25,15,0
2026-06-09T14:30:00+05:30,424.25,424.8,423.2,423.95,305,0
2026-06-09T14:45:00+05:30,423.95,424.75,423.5,424.7,67,0
2026-06-09T15:00:00+05:30,424.7,424.75,421.0,423.3,1151,0
2026-06-09T15:15:00+05:30,423.3,425.0,422.0,422.0,1148,0
2026-06-10T09:15:00+05:30,424.2,425.85,424.2,425.8,144,0
2026-06-10T09:30:00+05:30,425.75,425.85,424.45,424.75,270,0
2026-06-10T09:45:00+05:30,425.6,425.6,425.6,425.6,10,0
2026-06-10T10:00:00+05:30,425.6,426.2,424.25,424.25,250,0
2026-06-10T10:15:00+05:30,424.25,426.0,424.25,424.5,631,0
2026-06-10T10:30:00+05:30,424.8,424.8,423.65,423.65,442,0
2026-06-10T10:45:00+05:30,423.65,424.55,423.65,424.5,137,0
2026-06-10T11:00:00+05:30,424.5,426.25,424.5,426.25,297,0
2026-06-10T11:15:00+05:30,426.25,426.25,425.4,425.4,3,0
2026-06-10T11:30:00+05:30,425.4,425.4,423.1,423.1,669,0
2026-06-10T11:45:00+05:30,423.1,424.4,423.1,423.8,342,0
2026-06-10T12:00:00+05:30,423.8,426.2,423.65,425.7,414,0
2026-06-10T12:15:00+05:30,425.65,425.65,423.5,424.7,555,0
2026-06-10T12:30:00+05:30,424.7,426.2,424.6,424.6,690,0
2026-06-10T12:45:00+05:30,424.6,425.4,424.0,424.0,77,0
2026-06-10T13:00:00+05:30,424.9,426.25,423.55,423.65,1432,0
2026-06-10T13:15:00+05:30,423.65,425.2,423.65,425.2,27,0
2026-06-10T13:30:00+05:30,425.2,425.2,423.65,423.65,1,0
2026-06-10T13:45:00+05:30,423.65,429.0,423.65,429.0,1311,0
2026-06-10T14:00:00+05:30,429.0,429.0,425.8,427.0,441,0
2026-06-10T14:15:00+05:30,427.0,427.0,425.5,425.5,800,0
2026-06-10T14:30:00+05:30,425.5,427.0,424.15,424.15,491,0
2026-06-10T14:45:00+05:30,424.1,428.0,423.85,427.75,253,0
2026-06-10T15:00:00+05:30,427.75,427.75,425.0,425.0,293,0
2026-06-10T15:15:00+05:30,425.0,425.0,420.0,420.0,999,0
2026-06-11T09:15:00+05:30,423.4,424.8,413.4,420.4,905,0
2026-06-11T09:30:00+05:30,420.4,421.85,417.25,417.25,863,0
2026-06-11T09:45:00+05:30,417.25,418.95,417.25,418.95,54,0
2026-06-11T10:00:00+05:30,418.95,419.3,417.0,419.3,847,0
2026-06-11T10:15:00+05:30,417.55,421.35,417.55,421.35,247,0
2026-06-11T10:30:00+05:30,421.35,421.35,419.55,419.55,181,0
2026-06-11T10:45:00+05:30,419.55,419.55,418.25,418.25,14,0
2026-06-11T11:00:00+05:30,418.25,418.25,418.25,418.25,29,0
2026-06-11T11:15:00+05:30,418.0,418.25,416.65,417.65,98,0
2026-06-11T11:30:00+05:30,417.0,417.9,416.15,417.3,149,0
2026-06-11T11:45:00+05:30,417.3,418.25,417.0,418.2,170,0
2026-06-11T12:00:00+05:30,418.2,418.2,417.0,417.0,22,0
2026-06-11T12:15:00+05:30,417.0,417.0,417.0,417.0,39,0
2026-06-11T12:30:00+05:30,417.0,418.2,417.0,417.0,146,0
2026-06-11T12:45:00+05:30,417.0,417.95,416.7,417.95,63,0
2026-06-11T13:00:00+05:30,417.95,417.95,417.0,417.0,23,0
2026-06-11T13:15:00+05:30,417.0,417.45,416.0,416.0,123,0
2026-06-11T13:30:00+05:30,416.0,417.8,416.0,417.0,23,0
2026-06-11T13:45:00+05:30,417.0,418.25,416.45,418.1,585,0
2026-06-11T14:00:00+05:30,418.1,418.2,416.85,418.15,111,0
2026-06-11T14:15:00+05:30,418.0,418.2,416.15,417.15,467,0
2026-06-11T14:30:00+05:30,416.85,417.2,416.0,417.05,528,0
2026-06-11T14:45:00+05:30,417.05,417.2,417.05,417.05,891,0
2026-06-11T15:00:00+05:30,417.05,418.9,413.4,414.9,4073,0
2026-06-11T15:15:00+05:30,415.0,437.0,413.4,434.4,11404,0
2026-06-12T09:15:00+05:30,433.65,434.0,426.8,428.95,873,0
2026-06-12T09:30:00+05:30,428.95,431.6,428.1,431.35,345,0
2026-06-12T09:45:00+05:30,431.3,431.4,428.0,428.05,774,0
2026-06-12T10:00:00+05:30,428.05,428.55,423.0,427.15,1474,0
2026-06-12T10:15:00+05:30,427.05,427.95,425.15,427.65,354,0
2026-06-12T10:30:00+05:30,427.65,427.65,426.5,426.5,13,0
2026-06-12T10:45:00+05:30,425.6,426.95,423.1,425.7,565,0
2026-06-12T11:00:00+05:30,424.8,428.1,424.65,427.1,744,0
2026-06-12T11:15:00+05:30,426.7,426.8,426.1,426.1,25,0
2026-06-12T11:30:00+05:30,426.15,428.5,426.15,427.2,166,0
2026-06-12T11:45:00+05:30,427.0,427.6,427.0,427.6,109,0
2026-06-12T12:00:00+05:30,427.6,428.5,426.2,428.5,444,0
2026-06-12T12:15:00+05:30,428.5,430.0,426.3,430.0,1560,0
2026-06-12T12:30:00+05:30,430.05,434.4,428.05,430.65,3455,0
2026-06-12T12:45:00+05:30,430.1,448.8,430.1,444.05,48861,0
2026-06-12T13:00:00+05:30,444.4,446.6,438.0,440.4,20707,0
2026-06-12T13:15:00+05:30,441.05,441.05,438.35,439.95,6705,0
2026-06-12T13:30:00+05:30,440.4,443.55,439.25,441.0,7039,0
2026-06-12T13:45:00+05:30,441.45,446.4,441.0,444.0,6712,0
2026-06-12T14:00:00+05:30,443.95,447.8,443.95,447.8,4546,0
2026-06-12T14:15:00+05:30,447.45,469.7,446.9,466.5,64218,0
2026-06-12T14:30:00+05:30,466.4,466.5,454.45,463.9,57307,0
2026-06-12T14:45:00+05:30,463.05,467.0,455.0,460.0,43403,0
2026-06-12T15:00:00+05:30,461.85,461.85,451.1,454.0,29753,0
2026-06-12T15:15:00+05:30,454.5,458.5,451.8,458.5,28842,0
2026-06-15T09:15:00+05:30,460.0,473.7,460.0,472.0,18339,0
2026-06-15T09:30:00+05:30,472.05,472.95,465.0,466.65,6789,0
2026-06-15T09:45:00+05:30,466.65,466.95,460.8,461.85,4797,0
2026-06-15T10:00:00+05:30,461.65,465.0,459.0,462.2,4387,0
2026-06-15T10:15:00+05:30,462.9,467.75,461.6,464.9,3418,0
2026-06-15T10:30:00+05:30,465.45,465.65,459.95,460.95,1484,0
2026-06-15T10:45:00+05:30,461.35,464.8,461.0,463.05,1291,0
2026-06-15T11:00:00+05:30,463.05,468.15,461.5,462.35,4084,0
2026-06-15T11:15:00+05:30,462.4,463.3,459.9,460.0,1512,0
2026-06-15T11:30:00+05:30,460.0,461.45,458.2,460.1,1820,0
2026-06-15T11:45:00+05:30,460.95,461.0,459.0,460.0,491,0
2026-06-15T12:00:00+05:30,460.0,460.0,459.0,459.45,504,0
2026-06-15T12:15:00+05:30,459.35,459.35,456.55,457.05,295,0
2026-06-15T12:30:00+05:30,457.1,459.4,456.9,458.5,183,0
2026-06-15T12:45:00+05:30,459.0,470.0,458.5,464.75,9810,0
2026-06-15T13:00:00+05:30,464.75,467.55,463.75,463.75,323,0
2026-06-15T13:15:00+05:30,463.75,466.8,462.0,464.35,1328,0
2026-06-15T13:30:00+05:30,464.35,469.25,461.05,469.0,2078,0
2026-06-15T13:45:00+05:30,468.9,469.85,464.8,465.15,2951,0
2026-06-15T14:00:00+05:30,465.15,466.0,464.85,466.0,983,0
2026-06-15T14:15:00+05:30,466.05,468.95,466.0,466.6,847,0
2026-06-15T14:30:00+05:30,466.55,470.0,466.0,466.05,3519,0
2026-06-15T14:45:00+05:30,466.05,470.0,466.0,466.95,1653,0
2026-06-15T15:00:00+05:30,466.95,468.75,462.5,464.05,1507,0
2026-06-15T15:15:00+05:30,463.05,465.75,461.0,464.0,3387,0
2026-06-16T09:15:00+05:30,469.0,469.0,465.0,466.65,2818,0
2026-06-16T09:30:00+05:30,466.65,468.0,465.0,465.0,2956,0
2026-06-16T09:45:00+05:30,466.0,470.95,465.55,469.65,5119,0
2026-06-16T10:00:00+05:30,469.0,470.95,468.35,470.6,1415,0
2026-06-16T10:15:00+05:30,470.5,472.0,470.5,471.05,1549,0
2026-06-16T10:30:00+05:30,471.45,474.9,470.15,472.5,4306,0
2026-06-16T10:45:00+05:30,472.9,472.9,471.05,471.05,483,0
2026-06-16T11:00:00+05:30,471.5,472.15,470.0,470.2,2666,0
2026-06-16T11:15:00+05:30,470.5,470.95,470.0,470.0,1558,0
2026-06-16T11:30:00+05:30,470.85,471.0,470.0,470.75,252,0
2026-06-16T11:45:00+05:30,470.75,470.75,470.05,470.05,468,0
2026-06-16T12:00:00+05:30,470.05,470.6,470.0,470.0,1384,0
2026-06-16T12:15:00+05:30,470.0,474.9,470.0,470.55,5644,0
2026-06-16T12:30:00+05:30,470.55,471.75,470.45,471.75,209,0
2026-06-16T12:45:00+05:30,471.75,472.4,470.4,471.5,501,0
2026-06-16T13:00:00+05:30,471.15,471.7,471.05,471.3,34,0
2026-06-16T13:15:00+05:30,471.3,472.8,471.05,471.2,1017,0
2026-06-16T13:30:00+05:30,471.2,471.2,470.5,470.5,127,0
2026-06-16T13:45:00+05:30,470.5,471.0,468.1,471.0,607,0
2026-06-16T14:00:00+05:30,470.95,470.95,468.25,470.1,1302,0
2026-06-16T14:15:00+05:30,470.1,474.0,470.05,471.15,2506,0
2026-06-16T14:30:00+05:30,472.3,472.45,470.95,470.95,569,0
2026-06-16T14:45:00+05:30,470.95,471.5,468.15,471.15,1518,0
2026-06-16T15:00:00+05:30,471.15,472.75,470.05,470.95,3542,0
2026-06-16T15:15:00+05:30,470.95,471.6,462.05,464.7,9517,0
2026-06-17T09:15:00+05:30,464.05,466.45,461.75,464.45,2136,0
2026-06-17T09:30:00+05:30,464.45,467.0,462.15,462.15,1042,0
2026-06-17T09:45:00+05:30,462.15,466.55,461.6,463.25,736,0
2026-06-17T10:00:00+05:30,464.5,464.5,463.0,464.05,140,0
2026-06-17T10:15:00+05:30,464.05,464.05,460.4,460.4,185,0
2026-06-17T10:30:00+05:30,460.6,461.25,460.0,460.2,518,0
2026-06-17T10:45:00+05:30,460.2,463.8,460.2,463.5,367,0
2026-06-17T11:00:00+05:30,463.5,466.85,463.5,466.85,1356,0
2026-06-17T11:15:00+05:30,467.0,468.7,465.4,466.25,1501,0
2026-06-17T11:30:00+05:30,466.25,468.45,466.25,466.55,275,0
2026-06-17T11:45:00+05:30,467.35,467.95,465.55,466.8,452,0
2026-06-17T12:00:00+05:30,466.65,467.2,465.6,465.6,533,0
2026-06-17T12:15:00+05:30,465.6,466.0,465.15,465.15,712,0
2026-06-17T12:30:00+05:30,465.15,465.95,465.15,465.9,682,0
2026-06-17T12:45:00+05:30,465.9,465.9,465.15,465.15,1765,0
2026-06-17T13:00:00+05:30,465.15,465.25,465.15,465.25,641,0
2026-06-17T13:15:00+05:30,465.25,466.45,465.15,465.25,407,0
2026-06-17T13:30:00+05:30,465.25,467.0,465.25,466.1,373,0
2026-06-17T13:45:00+05:30,466.1,466.9,466.1,466.15,10,0
2026-06-17T14:00:00+05:30,466.6,467.0,465.15,466.4,11167,0
2026-06-17T14:15:00+05:30,466.4,467.7,466.0,466.0,195,0
2026-06-17T14:30:00+05:30,466.0,467.95,466.0,467.95,434,0
2026-06-17T14:45:00+05:30,467.95,467.95,466.25,466.25,53,0
2026-06-17T15:00:00+05:30,466.25,466.75,465.15,465.15,588,0
2026-06-17T15:15:00+05:30,465.95,465.95,452.0,453.6,8322,0
2026-06-18T09:15:00+05:30,458.15,458.15,455.15,455.6,763,0
2026-06-18T09:30:00+05:30,455.6,456.0,453.3,454.75,953,0
2026-06-18T09:45:00+05:30,454.75,454.95,451.6,451.6,799,0
2026-06-18T10:00:00+05:30,453.3,454.0,452.0,453.5,490,0
2026-06-18T10:15:00+05:30,453.5,453.55,452.1,452.25,27,0
2026-06-18T10:30:00+05:30,452.25,464.95,452.2,462.4,6874,0
2026-06-18T10:45:00+05:30,462.4,467.4,461.3,466.95,1777,0
2026-06-18T11:00:00+05:30,467.65,469.0,465.2,467.0,1552,0
2026-06-18T11:15:00+05:30,468.0,469.95,464.75,465.05,2995,0
2026-06-18T11:30:00+05:30,465.05,466.3,465.05,465.3,61,0
2026-06-18T11:45:00+05:30,465.6,467.9,465.35,467.0,1928,0
2026-06-18T12:00:00+05:30,467.0,467.0,465.3,465.3,445,0
2026-06-18T12:15:00+05:30,465.45,468.4,465.35,467.65,229,0
2026-06-18T12:30:00+05:30,467.65,468.0,465.3,465.3,347,0
2026-06-18T12:45:00+05:30,466.65,467.95,465.3,467.95,1168,0
2026-06-18T13:00:00+05:30,467.95,470.0,465.35,466.0,1651,0
2026-06-18T13:15:00+05:30,466.0,467.1,465.55,467.1,159,0
2026-06-18T13:30:00+05:30,467.1,470.0,466.9,468.6,4619,0
2026-06-18T13:45:00+05:30,468.6,468.6,466.85,467.05,667,0
2026-06-18T14:00:00+05:30,467.05,467.45,465.85,466.1,334,0
2026-06-18T14:15:00+05:30,466.8,468.95,465.3,468.95,606,0
2026-06-18T14:30:00+05:30,468.95,469.6,467.25,468.25,1020,0
2026-06-18T14:45:00+05:30,468.25,468.25,467.1,467.95,171,0
2026-06-18T15:00:00+05:30,467.95,470.0,467.2,468.35,1765,0
2026-06-18T15:15:00+05:30,467.75,470.0,466.8,470.0,4986,0
2026-06-19T09:15:00+05:30,471.25,478.9,460.45,478.0,14996,0
2026-06-19T09:30:00+05:30,478.0,478.0,469.8,472.75,8252,0
2026-06-19T09:45:00+05:30,472.75,473.95,470.25,473.95,653,0
2026-06-19T10:00:00+05:30,473.95,477.8,473.1,475.6,2674,0
2026-06-19T10:15:00+05:30,475.7,477.8,475.7,476.7,795,0
2026-06-19T10:30:00+05:30,476.65,478.9,475.55,478.9,2460,0
2026-06-19T10:45:00+05:30,477.65,484.6,477.0,484.0,10502,0
2026-06-19T11:00:00+05:30,484.45,484.45,480.4,483.65,3693,0
2026-06-19T11:15:00+05:30,483.6,484.0,479.5,480.65,6386,0
2026-06-19T11:30:00+05:30,480.7,483.15,477.65,480.0,3269,0
2026-06-19T11:45:00+05:30,479.05,479.9,477.2,477.95,1004,0
2026-06-19T12:00:00+05:30,478.15,478.15,477.0,477.6,1694,0
2026-06-19T12:15:00+05:30,477.6,478.7,477.0,478.0,416,0
2026-06-19T12:30:00+05:30,478.0,478.25,477.25,478.25,248,0
2026-06-19T12:45:00+05:30,478.25,478.8,477.0,477.0,1737,0
2026-06-19T13:00:00+05:30,477.9,478.45,476.15,477.4,611,0
2026-06-19T13:15:00+05:30,476.3,477.0,476.15,476.15,677,0
2026-06-19T13:30:00+05:30,476.15,476.95,476.15,476.2,42,0
2026-06-19T13:45:00+05:30,476.2,477.0,476.0,476.95,237,0
2026-06-19T14:00:00+05:30,476.9,477.4,475.55,476.95,1278,0
2026-06-19T14:15:00+05:30,476.95,476.95,475.1,476.5,209,0
2026-06-19T14:30:00+05:30,476.5,476.5,473.9,474.9,799,0
2026-06-19T14:45:00+05:30,474.85,476.85,474.85,475.0,1373,0
2026-06-19T15:00:00+05:30,473.55,473.55,463.25,465.0,6618,0
2026-06-19T15:15:00+05:30,464.8,468.0,461.6,468.0,5685,0
2026-06-22T09:15:00+05:30,468.1,471.9,468.1,470.75,1495,0
2026-06-22T09:30:00+05:30,470.75,471.9,467.55,470.85,796,0
2026-06-22T09:45:00+05:30,470.85,479.7,470.35,474.0,3683,0
2026-06-22T10:00:00+05:30,473.65,475.0,472.1,472.1,818,0
2026-06-22T10:15:00+05:30,473.3,474.45,471.05,473.25,970,0
2026-06-22T10:30:00+05:30,473.5,477.0,473.05,476.85,10083,0
2026-06-22T10:45:00+05:30,475.2,477.0,475.15,477.0,4340,0
2026-06-22T11:00:00+05:30,477.0,481.35,477.0,479.9,6117,0
2026-06-22T11:15:00+05:30,479.9,487.1,479.1,483.55,9913,0
2026-06-22T11:30:00+05:30,485.2,485.25,483.0,484.6,1563,0
2026-06-22T11:45:00+05:30,484.0,485.45,482.8,484.05,524,0
2026-06-22T12:00:00+05:30,484.05,484.9,482.75,484.4,873,0
2026-06-22T12:15:00+05:30,484.0,485.0,482.75,485.0,1755,0
2026-06-22T12:30:00+05:30,485.9,495.55,484.05,488.4,26513,0
2026-06-22T12:45:00+05:30,488.45,493.2,487.5,490.3,3876,0
2026-06-22T13:00:00+05:30,490.5,491.5,487.1,490.85,3603,0
2026-06-22T13:15:00+05:30,490.85,490.85,485.1,485.1,2285,0
2026-06-22T13:30:00+05:30,486.1,487.0,482.65,487.0,2529,0
2026-06-22T13:45:00+05:30,484.75,487.95,484.75,487.95,1411,0
2026-06-22T14:00:00+05:30,488.0,489.75,487.5,487.75,311,0
2026-06-22T14:15:00+05:30,487.75,490.4,487.5,488.6,1775,0
2026-06-22T14:30:00+05:30,488.65,491.0,488.35,490.5,4093,0
2026-06-22T14:45:00+05:30,490.5,491.0,485.1,485.75,7444,0
2026-06-22T15:00:00+05:30,485.75,490.0,484.05,485.9,3492,0
2026-06-22T15:15:00+05:30,485.9,491.0,485.15,491.0,6897,0
2026-06-23T09:15:00+05:30,485.0,499.0,481.0,496.2,18016,0
2026-06-23T09:30:00+05:30,496.25,497.95,495.3,497.45,2844,0
2026-06-23T09:45:00+05:30,497.0,500.0,496.2,499.0,15874,0
2026-06-23T10:00:00+05:30,499.05,500.95,497.15,498.4,8004,0
2026-06-23T10:15:00+05:30,498.8,498.8,496.0,496.05,2009,0
2026-06-23T10:30:00+05:30,496.0,496.05,493.5,494.85,2254,0
2026-06-23T10:45:00+05:30,494.6,495.45,492.6,493.35,1893,0
2026-06-23T11:00:00+05:30,494.35,495.55,493.45,495.55,663,0
2026-06-23T11:15:00+05:30,495.55,499.0,495.45,497.55,2579,0
2026-06-23T11:30:00+05:30,497.35,498.2,497.3,497.3,524,0
2026-06-23T11:45:00+05:30,497.3,497.75,496.0,497.3,6796,0
2026-06-23T12:00:00+05:30,497.3,497.9,497.05,497.15,1374,0
2026-06-23T12:15:00+05:30,497.5,497.75,492.25,493.5,4881,0
2026-06-23T12:30:00+05:30,494.6,494.6,491.05,492.9,3018,0
2026-06-23T12:45:00+05:30,492.9,493.5,491.55,493.5,327,0
2026-06-23T13:00:00+05:30,493.0,493.0,490.0,491.0,2456,0
2026-06-23T13:15:00+05:30,490.4,492.15,488.45,491.5,1266,0
2026-06-23T13:30:00+05:30,491.5,491.5,490.1,490.75,935,0
2026-06-23T13:45:00+05:30,490.75,491.8,490.75,491.15,1254,0
2026-06-23T14:00:00+05:30,491.15,493.45,491.05,492.9,442,0
2026-06-23T14:15:00+05:30,492.85,493.0,492.5,492.5,292,0
2026-06-23T14:30:00+05:30,492.9,493.0,492.5,493.0,1233,0
2026-06-23T14:45:00+05:30,493.0,493.4,492.5,493.0,1621,0
2026-06-23T15:00:00+05:30,493.5,493.5,492.5,492.8,1934,0
2026-06-23T15:15:00+05:30,492.75,497.0,492.7,497.0,4886,0
2026-06-24T09:15:00+05:30,498.0,500.0,495.05,497.3,6289,0
2026-06-24T09:30:00+05:30,497.45,509.0,495.3,508.8,26604,0
2026-06-24T09:45:00+05:30,508.95,509.0,504.05,504.8,6659,0
2026-06-24T10:00:00+05:30,504.05,505.0,498.05,500.5,3983,0
2026-06-24T10:15:00+05:30,499.95,501.0,498.2,500.05,1257,0
2026-06-24T10:30:00+05:30,500.1,501.0,500.0,500.65,764,0
2026-06-24T10:45:00+05:30,500.65,501.0,500.0,500.0,2087,0
2026-06-24T11:00:00+05:30,500.0,502.7,500.0,502.5,1359,0
2026-06-24T11:15:00+05:30,502.7,503.5,502.25,502.95,381,0
2026-06-24T11:30:00+05:30,502.45,502.5,498.5,500.9,1846,0
2026-06-24T11:45:00+05:30,500.9,502.0,500.85,502.0,379,0
2026-06-24T12:00:00+05:30,502.0,502.7,500.0,501.3,1033,0
2026-06-24T12:15:00+05:30,500.05,500.1,498.5,498.5,1201,0
2026-06-24T12:30:00+05:30,499.0,499.45,498.5,499.1,334,0
2026-06-24T12:45:00+05:30,499.0,499.1,498.5,498.9,415,0
2026-06-24T13:00:00+05:30,498.95,499.0,490.55,494.35,3608,0
2026-06-24T13:15:00+05:30,494.35,495.0,493.15,495.0,801,0
2026-06-24T13:30:00+05:30,494.9,498.95,494.0,498.95,1281,0
2026-06-24T13:45:00+05:30,498.95,499.0,495.0,498.75,3746,0
2026-06-24T14:00:00+05:30,498.0,498.95,496.6,498.95,3447,0
2026-06-24T14:15:00+05:30,498.95,501.7,498.5,501.0,3208,0
2026-06-24T14:30:00+05:30,501.0,504.2,501.0,502.85,2877,0
2026-06-24T14:45:00+05:30,502.9,503.95,502.2,502.3,655,0
2026-06-24T15:00:00+05:30,502.75,505.0,501.0,505.0,4517,0
2026-06-24T15:15:00+05:30,503.55,508.85,503.3,507.0,14426,0
2026-06-25T09:15:00+05:30,509.0,510.35,505.35,505.9,4860,0
2026-06-25T09:30:00+05:30,505.45,506.55,499.35,500.95,6529,0
2026-06-25T09:45:00+05:30,500.0,507.2,496.0,503.4,4536,0
2026-06-25T10:00:00+05:30,503.4,504.45,501.0,502.35,2832,0
2026-06-25T10:15:00+05:30,502.0,502.0,498.65,500.0,523,0
2026-06-25T10:30:00+05:30,499.6,501.9,498.45,501.9,609,0
2026-06-25T10:45:00+05:30,501.5,502.35,501.0,501.7,1151,0
2026-06-25T11:00:00+05:30,501.7,501.7,499.0,501.5,4812,0
2026-06-25T11:15:00+05:30,501.5,501.65,500.05,501.0,158,0
2026-06-25T11:30:00+05:30,501.0,501.35,495.35,495.35,2415,0
2026-06-25T11:45:00+05:30,496.5,499.35,495.65,498.8,588,0
2026-06-25T12:00:00+05:30,498.8,498.8,498.45,498.5,33,0
2026-06-25T12:15:00+05:30,498.5,498.65,497.8,498.0,1385,0
2026-06-25T12:30:00+05:30,498.2,499.95,498.2,499.95,523,0
2026-06-25T12:45:00+05:30,499.95,500.0,499.0,500.0,535,0
2026-06-25T13:00:00+05:30,500.0,500.0,499.0,499.0,306,0
2026-06-25T13:15:00+05:30,499.0,499.0,498.1,498.1,224,0
2026-06-25T13:30:00+05:30,498.0,499.3,497.95,499.05,617,0
2026-06-25T13:45:00+05:30,499.05,499.05,498.05,498.05,302,0
2026-06-25T14:00:00+05:30,498.05,498.05,497.8,497.8,1050,0
2026-06-25T14:15:00+05:30,498.0,498.0,497.8,497.8,869,0
2026-06-25T14:30:00+05:30,497.8,497.8,497.8,497.8,175,0
2026-06-25T14:45:00+05:30,497.8,498.0,497.8,498.0,894,0
2026-06-25T15:00:00+05:30,498.0,500.1,497.8,497.85,5046,0
2026-06-25T15:15:00+05:30,498.5,499.55,481.25,488.0,8485,0
2026-06-29T09:15:00+05:30,486.75,492.4,461.6,483.5,49660,0
2026-06-29T09:30:00+05:30,482.9,490.45,481.25,489.95,6481,0
2026-06-29T09:45:00+05:30,489.8,498.8,488.6,494.85,6485,0
2026-06-29T10:00:00+05:30,494.85,498.0,492.25,493.05,4884,0
2026-06-29T10:15:00+05:30,493.05,494.0,491.85,492.1,971,0
2026-06-29T10:30:00+05:30,492.1,493.1,490.65,492.1,1335,0
2026-06-29T10:45:00+05:30,492.0,497.55,491.95,497.3,2293,0
2026-06-29T11:00:00+05:30,496.9,500.0,494.35,496.55,5121,0
2026-06-29T11:15:00+05:30,496.55,499.85,496.1,499.0,2027,0
2026-06-29T11:30:00+05:30,499.5,500.0,497.05,497.05,1290,0
2026-06-29T11:45:00+05:30,497.05,498.0,495.0,495.0,1368,0
2026-06-29T12:00:00+05:30,495.0,495.0,493.2,493.75,305,0
2026-06-29T12:15:00+05:30,493.75,494.8,490.1,490.1,1851,0
2026-06-29T12:30:00+05:30,490.0,490.1,490.0,490.05,332,0
2026-06-29T12:45:00+05:30,491.0,494.95,491.0,494.95,704,0
2026-06-29T13:00:00+05:30,494.6,496.45,493.1,494.4,1580,0
2026-06-29T13:15:00+05:30,494.4,495.0,494.1,494.25,530,0
2026-06-29T13:30:00+05:30,494.25,494.25,490.75,490.75,1562,0
2026-06-29T13:45:00+05:30,491.1,491.15,489.0,489.0,1036,0
2026-06-29T14:00:00+05:30,488.6,498.0,488.1,494.9,4289,0
2026-06-29T14:15:00+05:30,493.9,493.9,489.5,492.2,2996,0
2026-06-29T14:30:00+05:30,492.2,492.95,488.0,489.2,1680,0
2026-06-29T14:45:00+05:30,488.7,490.2,488.25,488.55,1513,0
2026-06-29T15:00:00+05:30,488.85,494.95,488.55,493.2,3483,0
2026-06-29T15:15:00+05:30,493.55,498.0,487.55,487.55,4698,0
2026-06-30T09:15:00+05:30,490.0,504.8,488.0,502.95,9500,0
2026-06-30T09:30:00+05:30,504.25,508.4,499.55,506.8,8217,0
2026-06-30T09:45:00+05:30,506.6,508.05,504.05,504.05,2365,0
2026-06-30T10:00:00+05:30,504.05,506.9,503.2,503.75,635,0
2026-06-30T10:15:00+05:30,503.75,503.75,500.95,501.2,464,0
2026-06-30T10:30:00+05:30,502.2,502.95,499.0,499.0,1659,0
2026-06-30T10:45:00+05:30,498.1,500.05,498.1,500.05,662,0
2026-06-30T11:00:00+05:30,500.05,500.05,498.15,498.15,359,0
2026-06-30T11:15:00+05:30,499.4,499.4,494.45,494.45,972,0
2026-06-30T11:30:00+05:30,494.45,497.35,494.0,495.8,1014,0
2026-06-30T11:45:00+05:30,495.8,498.5,495.25,498.35,685,0
2026-06-30T12:00:00+05:30,498.9,499.95,497.75,498.15,359,0
2026-06-30T12:15:00+05:30,498.15,506.0,498.15,504.4,6376,0
2026-06-30T12:30:00+05:30,504.4,504.4,502.65,504.0,1028,0
2026-06-30T12:45:00+05:30,504.0,504.0,502.1,502.5,68,0
2026-06-30T13:00:00+05:30,502.5,503.0,501.15,503.0,1049,0
2026-06-30T13:15:00+05:30,503.0,504.7,494.9,496.0,6550,0
2026-06-30T13:30:00+05:30,496.0,497.1,496.0,496.05,197,0
2026-06-30T13:45:00+05:30,495.65,495.65,492.3,494.85,2445,0
2026-06-30T14:00:00+05:30,493.25,494.6,492.65,494.45,752,0
2026-06-30T14:15:00+05:30,494.45,494.55,494.0,494.0,48,0
2026-06-30T14:30:00+05:30,494.0,495.0,489.35,489.4,2416,0
2026-06-30T14:45:00+05:30,489.4,490.0,488.0,488.05,4610,0
2026-06-30T15:00:00+05:30,488.5,490.0,488.05,490.0,4998,0
2026-06-30T15:15:00+05:30,489.95,490.0,488.0,490.0,2077,0
2026-07-01T09:15:00+05:30,490.0,495.95,489.95,493.6,1273,0
2026-07-01T09:30:00+05:30,493.6,493.85,492.0,493.5,905,0
2026-07-01T09:45:00+05:30,493.5,493.5,491.05,491.1,344,0
2026-07-01T10:00:00+05:30,491.1,491.1,486.8,487.0,746,0
2026-07-01T10:15:00+05:30,487.0,488.55,485.5,487.0,812,0
2026-07-01T10:30:00+05:30,487.45,487.9,485.55,486.35,799,0
2026-07-01T10:45:00+05:30,485.15,486.7,484.5,485.45,493,0
2026-07-01T11:00:00+05:30,485.45,487.0,485.45,486.75,113,0
2026-07-01T11:15:00+05:30,486.75,486.9,485.75,485.75,25,0
2026-07-01T11:30:00+05:30,485.75,487.05,485.5,486.8,2232,0
2026-07-01T11:45:00+05:30,487.0,487.0,481.0,483.1,3840,0
2026-07-01T12:00:00+05:30,482.75,483.85,481.85,483.0,275,0
2026-07-01T12:15:00+05:30,483.0,483.4,482.05,483.0,314,0
2026-07-01T12:30:00+05:30,483.0,483.9,482.05,482.05,107,0
2026-07-01T12:45:00+05:30,482.05,483.45,482.05,483.25,116,0
2026-07-01T13:00:00+05:30,483.0,483.45,482.05,483.0,227,0
2026-07-01T13:15:00+05:30,483.0,487.2,483.0,486.0,45296,0
2026-07-01T13:30:00+05:30,486.0,487.8,485.2,485.9,18820,0
2026-07-01T13:45:00+05:30,485.9,485.9,484.55,485.5,142,0
2026-07-01T14:00:00+05:30,485.5,486.95,484.3,484.3,819,0
2026-07-01T14:15:00+05:30,484.3,486.0,484.15,484.35,287,0
2026-07-01T14:30:00+05:30,484.35,484.35,483.4,483.4,739,0
2026-07-01T14:45:00+05:30,483.4,484.3,483.0,483.05,87,0
2026-07-01T15:00:00+05:30,483.05,484.45,478.0,479.15,3040,0
2026-07-01T15:15:00+05:30,479.8,480.5,475.0,478.0,4555,0
2026-07-02T09:15:00+05:30,482.0,483.0,478.8,480.0,1845,0
2026-07-02T09:30:00+05:30,479.95,481.25,475.2,475.75,2614,0
2026-07-02T09:45:00+05:30,475.75,477.65,474.15,476.0,1614,0
2026-07-02T10:00:00+05:30,475.95,480.65,475.85,479.95,5178,0
2026-07-02T10:15:00+05:30,479.95,486.25,479.95,482.75,1857,0
2026-07-02T10:30:00+05:30,481.6,484.9,481.35,484.9,1196,0
2026-07-02T10:45:00+05:30,484.9,484.9,478.75,479.0,2071,0
2026-07-02T11:00:00+05:30,479.0,479.0,477.45,478.0,670,0
2026-07-02T11:15:00+05:30,478.0,478.4,477.5,478.4,161,0
2026-07-02T11:30:00+05:30,478.4,478.4,478.3,478.35,313,0
2026-07-02T11:45:00+05:30,478.35,478.35,476.7,477.55,185,0
2026-07-02T12:00:00+05:30,477.35,477.6,476.05,476.05,522,0
2026-07-02T12:15:00+05:30,476.05,477.2,476.05,477.2,61,0
2026-07-02T12:30:00+05:30,477.2,478.8,476.65,476.65,1162,0
2026-07-02T12:45:00+05:30,476.65,478.55,476.4,478.55,304,0
2026-07-02T13:00:00+05:30,477.25,478.8,476.95,478.8,70,0
2026-07-02T13:15:00+05:30,477.25,478.8,476.05,478.8,348,0
2026-07-02T13:30:00+05:30,478.4,478.4,478.25,478.25,9,0
2026-07-02T13:45:00+05:30,478.25,479.1,478.25,479.1,533,0
2026-07-02T14:00:00+05:30,479.1,479.1,477.95,478.0,47,0
2026-07-02T14:15:00+05:30,478.0,479.0,477.8,478.05,385,0
2026-07-02T14:30:00+05:30,478.95,479.7,478.85,478.85,299,0
2026-07-02T14:45:00+05:30,478.85,479.6,476.45,479.4,978,0
2026-07-02T15:00:00+05:30,479.05,480.0,477.1,478.3,1172,0
2026-07-02T15:15:00+05:30,479.6,480.0,477.8,480.0,2163,0
2026-07-03T09:15:00+05:30,482.0,496.85,482.0,484.55,2005,0
2026-07-03T09:30:00+05:30,485.85,487.4,483.65,484.65,666,0
2026-07-03T09:45:00+05:30,485.0,487.45,484.9,486.0,512,0
2026-07-03T10:00:00+05:30,486.0,487.3,485.0,485.7,650,0
2026-07-03T10:15:00+05:30,486.05,486.4,483.75,485.2,694,0
2026-07-03T10:30:00+05:30,485.2,485.2,483.0,484.05,889,0
2026-07-03T10:45:00+05:30,484.05,484.05,482.45,482.45,14,0
2026-07-03T11:00:00+05:30,482.45,483.5,481.05,482.15,683,0
2026-07-03T11:15:00+05:30,483.0,484.45,482.0,483.2,387,0
2026-07-03T11:30:00+05:30,483.45,483.5,481.45,481.45,82,0
2026-07-03T11:45:00+05:30,481.25,482.1,480.55,481.3,363,0
2026-07-03T12:00:00+05:30,481.3,481.3,480.05,480.1,78,0
2026-07-03T12:15:00+05:30,480.3,480.95,479.05,480.5,266,0
2026-07-03T12:30:00+05:30,479.6,479.6,479.45,479.45,15,0
2026-07-03T12:45:00+05:30,479.45,481.8,479.05,479.3,351,0
2026-07-03T13:00:00+05:30,479.3,481.15,479.3,481.15,1,0
2026-07-03T13:15:00+05:30,481.1,482.0,479.85,482.0,4836,0
2026-07-03T13:30:00+05:30,481.8,481.9,480.15,480.15,106,0
2026-07-03T13:45:00+05:30,480.15,480.2,477.8,477.8,261,0
2026-07-03T14:00:00+05:30,477.8,480.15,477.8,479.05,628,0
2026-07-03T14:15:00+05:30,479.05,482.15,479.05,480.8,704,0
2026-07-03T14:30:00+05:30,480.8,481.1,479.05,481.1,96,0
2026-07-03T14:45:00+05:30,481.1,481.1,478.0,478.85,440,0
2026-07-03T15:00:00+05:30,478.85,478.85,475.15,477.9,2160,0
2026-07-03T15:15:00+05:30,477.75,477.85,471.0,475.0,4258,0
2026-07-06T09:15:00+05:30,475.15,478.4,471.55,477.4,3009,0
2026-07-06T09:30:00+05:30,477.0,479.45,475.85,475.85,627,0
2026-07-06T09:45:00+05:30,475.85,496.85,475.85,495.4,10339,0
2026-07-06T10:00:00+05:30,496.65,497.1,494.0,494.3,2119,0
2026-07-06T10:15:00+05:30,494.3,495.0,493.2,493.2,1842,0
2026-07-06T10:30:00+05:30,493.9,494.95,493.2,493.25,1579,0
2026-07-06T10:45:00+05:30,493.35,494.7,492.25,493.55,3549,0
2026-07-06T11:00:00+05:30,493.55,493.95,492.5,492.5,143,0
2026-07-06T11:15:00+05:30,493.7,499.0,492.0,492.0,7090,0
2026-07-06T11:30:00+05:30,492.0,493.0,490.0,490.1,3270,0
2026-07-06T11:45:00+05:30,490.2,491.7,490.1,491.5,216,0
2026-07-06T12:00:00+05:30,491.5,492.8,488.5,488.5,438,0
2026-07-06T12:15:00+05:30,489.75,491.6,485.2,487.85,725,0
2026-07-06T12:30:00+05:30,487.0,488.0,486.35,486.35,35,0
2026-07-06T12:45:00+05:30,487.0,487.0,485.55,487.0,914,0
2026-07-06T13:00:00+05:30,487.0,491.75,487.0,491.75,340,0
2026-07-06T13:15:00+05:30,490.4,492.0,489.55,492.0,377,0
2026-07-06T13:30:00+05:30,492.0,492.0,488.6,490.8,401,0
2026-07-06T13:45:00+05:30,490.8,490.8,487.55,487.55,107,0
2026-07-06T14:00:00+05:30,488.05,488.2,486.65,488.0,260,0
2026-07-06T14:15:00+05:30,488.0,489.0,487.0,487.25,1046,0
2026-07-06T14:30:00+05:30,487.25,488.5,487.05,487.05,304,0
2026-07-06T14:45:00+05:30,487.05,489.65,487.0,487.85,739,0
2026-07-06T15:00:00+05:30,487.85,489.55,487.75,488.15,297,0
2026-07-06T15:15:00+05:30,488.4,488.4,483.0,485.0,5312,0
2026-07-07T09:15:00+05:30,488.0,488.0,473.6,483.8,1099,0
2026-07-07T09:30:00+05:30,483.75,483.9,478.0,479.9,1794,0
2026-07-07T09:45:00+05:30,479.3,480.75,479.0,479.0,484,0
2026-07-07T10:00:00+05:30,479.05,479.45,477.15,477.35,700,0
2026-07-07T10:15:00+05:30,477.35,477.35,475.0,475.7,1761,0
2026-07-07T10:30:00+05:30,475.7,476.45,475.7,476.45,154,0
2026-07-07T10:45:00+05:30,476.45,479.4,476.0,476.55,5013,0
2026-07-07T11:00:00+05:30,476.55,483.3,476.5,481.2,1266,0
2026-07-07T11:15:00+05:30,480.15,480.2,479.25,480.2,166,0
2026-07-07T11:30:00+05:30,480.05,483.55,480.05,481.8,4713,0
2026-07-07T11:45:00+05:30,480.8,483.4,480.55,483.4,248,0
2026-07-07T12:00:00+05:30,483.4,483.4,481.4,481.5,20,0
2026-07-07T12:15:00+05:30,481.5,481.5,481.5,481.5,0,0
2026-07-07T12:30:00+05:30,481.5,481.75,481.5,481.65,23,0
2026-07-07T12:45:00+05:30,481.65,483.25,480.05,480.3,568,0
2026-07-07T13:00:00+05:30,480.3,480.35,478.0,478.0,802,0
2026-07-07T13:15:00+05:30,477.75,480.0,477.75,478.05,56,0
2026-07-07T13:30:00+05:30,478.35,480.7,478.35,478.7,119,0
2026-07-07T13:45:00+05:30,478.7,479.15,477.0,477.35,533,0
2026-07-07T14:00:00+05:30,477.35,479.45,476.5,478.45,1084,0
2026-07-07T14:15:00+05:30,478.45,478.45,476.5,477.0,3658,0
2026-07-07T14:30:00+05:30,478.65,479.95,477.15,479.95,592,0
2026-07-07T14:45:00+05:30,480.2,480.45,478.15,478.15,68,0
2026-07-07T15:00:00+05:30,478.15,480.45,476.5,478.25,1592,0
2026-07-07T15:15:00+05:30,477.1,479.6,476.5,479.6,1167,0
2026-07-08T09:15:00+05:30,485.0,485.0,468.35,477.05,1546,0
2026-07-08T09:30:00+05:30,477.0,481.25,475.9,480.6,1148,0
2026-07-08T09:45:00+05:30,480.6,480.75,478.25,479.6,1215,0
2026-07-08T10:00:00+05:30,478.6,479.4,478.3,478.75,213,0
2026-07-08T10:15:00+05:30,478.75,479.3,478.25,479.3,877,0
2026-07-08T10:30:00+05:30,479.3,479.3,478.25,479.0,1209,0
2026-07-08T10:45:00+05:30,479.0,483.95,478.45,481.7,14260,0
2026-07-08T11:00:00+05:30,481.7,483.0,478.75,483.0,813,0
2026-07-08T11:15:00+05:30,481.55,483.2,480.4,482.0,132,0
2026-07-08T11:30:00+05:30,482.0,483.1,480.7,481.25,210,0
2026-07-08T11:45:00+05:30,481.25,482.15,481.1,482.15,44,0
2026-07-08T12:00:00+05:30,482.15,482.95,481.05,482.95,200,0
2026-07-08T12:15:00+05:30,482.95,482.95,481.05,481.05,111,0
2026-07-08T12:30:00+05:30,481.05,481.95,481.05,481.95,12,0
2026-07-08T12:45:00+05:30,481.95,481.95,481.0,481.0,152,0
2026-07-08T13:00:00+05:30,481.0,481.65,480.25,481.15,1676,0
2026-07-08T13:15:00+05:30,481.15,483.0,481.0,481.3,773,0
2026-07-08T13:30:00+05:30,481.3,482.55,481.3,481.35,120,0
2026-07-08T13:45:00+05:30,481.35,481.95,472.45,474.95,2529,0
2026-07-08T14:00:00+05:30,473.1,478.8,468.5,476.5,3907,0
2026-07-08T14:15:00+05:30,475.1,479.45,472.05,479.45,1054,0
2026-07-08T14:30:00+05:30,476.3,478.95,473.05,473.15,697,0
2026-07-08T14:45:00+05:30,473.15,473.45,465.0,466.85,3548,0
2026-07-08T15:00:00+05:30,467.2,469.2,466.1,466.1,509,0
2026-07-08T15:15:00+05:30,468.35,474.95,466.1,474.8,1995,0
2026-07-09T09:15:00+05:30,473.9,477.95,471.0,477.95,1441,0
2026-07-09T09:30:00+05:30,477.6,478.55,474.9,476.05,624,0
2026-07-09T09:45:00+05:30,476.05,482.4,474.25,478.2,3373,0
2026-07-09T10:00:00+05:30,478.2,478.65,475.35,475.35,366,0
2026-07-09T10:15:00+05:30,475.35,476.35,472.0,475.6,1042,0
2026-07-09T10:30:00+05:30,475.6,477.6,475.6,476.0,99,0
2026-07-09T10:45:00+05:30,476.0,478.25,475.9,477.45,173,0
2026-07-09T11:00:00+05:30,477.45,477.45,475.55,475.55,405,0
2026-07-09T11:15:00+05:30,475.55,476.3,475.45,475.95,131,0
2026-07-09T11:30:00+05:30,475.95,477.9,475.95,477.9,178,0
2026-07-09T11:45:00+05:30,477.9,478.8,477.7,477.7,225,0
2026-07-09T12:00:00+05:30,477.7,477.7,477.7,477.7,0,0
2026-07-09T12:15:00+05:30,477.7,477.7,477.05,477.05,101,0
2026-07-09T12:30:00+05:30,477.05,477.4,476.0,476.0,162,0
2026-07-09T12:45:00+05:30,476.0,484.0,476.0,481.0,2512,0
2026-07-09T13:00:00+05:30,481.0,484.3,481.0,482.75,326,0
2026-07-09T13:15:00+05:30,482.95,483.7,482.05,482.5,353,0
2026-07-09T13:30:00+05:30,482.5,482.85,481.0,481.45,340,0
2026-07-09T13:45:00+05:30,481.45,482.2,480.15,480.15,49,0
2026-07-09T14:00:00+05:30,480.3,480.5,480.0,480.5,564,0
2026-07-09T14:15:00+05:30,480.95,481.0,474.1,474.35,1468,0
2026-07-09T14:30:00+05:30,474.3,474.85,474.1,474.2,992,0
2026-07-09T14:45:00+05:30,474.45,483.0,474.15,478.0,4142,0
2026-07-09T15:00:00+05:30,478.2,478.95,475.0,477.05,1993,0
2026-07-09T15:15:00+05:30,477.05,483.0,475.1,483.0,1468,0
2026-07-10T09:15:00+05:30,477.85,485.35,477.65,483.75,4141,0
2026-07-10T09:30:00+05:30,483.75,484.7,479.3,479.3,366,0
2026-07-10T09:45:00+05:30,479.3,484.8,476.55,482.4,3302,0
2026-07-10T10:00:00+05:30,483.55,483.75,481.75,483.75,194,0
2026-07-10T10:15:00+05:30,483.75,488.4,482.1,485.25,2813,0
2026-07-10T10:30:00+05:30,485.55,495.3,482.2,493.0,6536,0
2026-07-10T10:45:00+05:30,493.05,495.55,490.0,491.6,3249,0
2026-07-10T11:00:00+05:30,491.6,491.6,488.95,489.8,800,0
2026-07-10T11:15:00+05:30,489.8,489.8,488.8,488.8,164,0
2026-07-10T11:30:00+05:30,488.8,489.35,484.0,484.0,1305,0
2026-07-10T11:45:00+05:30,485.0,486.3,484.5,485.2,488,0
2026-07-10T12:00:00+05:30,485.15,485.95,484.15,485.95,93,0
2026-07-10T12:15:00+05:30,485.95,485.95,468.05,474.05,12337,0
2026-07-10T12:30:00+05:30,475.0,475.85,474.2,475.25,849,0
2026-07-10T12:45:00+05:30,475.2,475.45,473.35,474.9,451,0
2026-07-10T13:00:00+05:30,474.9,475.05,474.1,474.15,1055,0
2026-07-10T13:15:00+05:30,474.15,474.9,474.05,474.05,166,0
2026-07-10T13:30:00+05:30,474.05,475.35,473.4,474.85,337,0
2026-07-10T13:45:00+05:30,474.85,474.85,473.5,473.95,310,0
2026-07-10T14:00:00+05:30,474.0,475.9,473.3,474.25,437,0
2026-07-10T14:15:00+05:30,474.25,474.7,473.25,474.7,323,0
2026-07-10T14:30:00+05:30,474.7,475.3,471.55,472.95,1302,0
2026-07-10T14:45:00+05:30,472.95,473.45,468.15,468.5,1308,0
2026-07-10T15:00:00+05:30,468.9,469.8,463.6,466.9,12736,0
2026-07-10T15:15:00+05:30,466.75,467.9,464.1,465.3,3276,0
2026-07-13T09:15:00+05:30,465.45,468.2,460.0,466.5,2311,0
2026-07-13T09:30:00+05:30,466.15,471.0,465.25,468.95,3390,0
2026-07-13T09:45:00+05:30,468.95,469.9,468.0,469.9,1741,0
2026-07-13T10:00:00+05:30,469.4,469.4,465.55,466.85,430,0
2026-07-13T10:15:00+05:30,466.85,466.85,465.9,466.45,141,0
2026-07-13T10:30:00+05:30,467.65,467.65,465.3,465.85,382,0
2026-07-13T10:45:00+05:30,465.85,466.2,464.1,464.85,283,0
2026-07-13T11:00:00+05:30,464.75,465.9,464.1,464.1,195,0
2026-07-13T11:15:00+05:30,464.45,464.85,464.1,464.85,76,0
2026-07-13T11:30:00+05:30,464.85,464.9,462.6,463.4,132,0
2026-07-13T11:45:00+05:30,463.4,463.4,461.1,462.2,82,0
2026-07-13T12:00:00+05:30,462.2,462.95,457.05,460.95,4859,0
2026-07-13T12:15:00+05:30,460.9,461.65,456.6,459.4,1097,0
2026-07-13T12:30:00+05:30,458.25,459.7,458.25,459.25,317,0
2026-07-13T12:45:00+05:30,459.25,461.0,459.25,461.0,577,0
2026-07-13T13:00:00+05:30,461.0,461.35,460.7,461.35,7,0
2026-07-13T13:15:00+05:30,461.35,461.35,459.05,459.95,417,0
2026-07-13T13:30:00+05:30,459.9,462.55,459.05,460.6,1112,0
2026-07-13T13:45:00+05:30,460.6,461.45,460.55,461.45,104,0
2026-07-13T14:00:00+05:30,461.45,464.45,460.8,463.35,600,0
2026-07-13T14:15:00+05:30,463.35,463.9,463.3,463.6,121,0
2026-07-13T14:30:00+05:30,463.65,463.65,461.45,461.45,563,0
2026-07-13T14:45:00+05:30,461.45,463.35,461.15,463.35,4488,0
2026-07-13T15:00:00+05:30,462.15,462.7,460.65,461.45,532,0
2026-07-13T15:15:00+05:30,462.2,463.3,461.45,463.2,1626,0
2026-07-14T09:15:00+05:30,464.1,464.1,456.0,460.4,2468,0
2026-07-14T09:30:00+05:30,460.95,468.9,460.95,461.3,4201,0
2026-07-14T09:45:00+05:30,461.3,461.95,460.0,461.65,1862,0
2026-07-14T10:00:00+05:30,461.65,461.65,458.45,459.0,473,0
2026-07-14T10:15:00+05:30,459.0,459.75,456.1,458.45,1100,0
2026-07-14T10:30:00+05:30,457.7,459.1,457.2,459.1,91,0
2026-07-14T10:45:00+05:30,458.45,460.15,458.45,459.35,326,0
2026-07-14T11:00:00+05:30,459.35,460.15,458.8,459.8,44,0
2026-07-14T11:15:00+05:30,459.8,459.8,458.05,459.3,565,0
2026-07-14T11:30:00+05:30,459.3,459.5,458.1,458.1,462,0
2026-07-14T11:45:00+05:30,458.1,459.1,458.1,459.1,554,0
2026-07-14T12:00:00+05:30,459.1,459.2,458.0,458.0,368,0
2026-07-14T12:15:00+05:30,458.0,458.8,458.0,458.05,64,0
2026-07-14T12:30:00+05:30,458.05,458.05,458.05,458.05,0,0
2026-07-14T12:45:00+05:30,458.05,458.75,458.05,458.65,58,0
2026-07-14T13:00:00+05:30,458.65,460.15,458.05,460.15,313,0
2026-07-14T13:15:00+05:30,460.1,460.8,458.85,459.15,393,0
2026-07-14T13:30:00+05:30,460.8,461.45,458.6,458.6,312,0
2026-07-14T13:45:00+05:30,458.75,460.0,457.6,459.6,246,0
2026-07-14T14:00:00+05:30,459.6,459.6,457.5,457.7,60,0
2026-07-14T14:15:00+05:30,457.7,459.1,457.7,457.85,62,0
2026-07-14T14:30:00+05:30,457.85,459.1,457.85,459.1,60,0
2026-07-14T14:45:00+05:30,459.1,459.1,459.0,459.0,1,0
2026-07-14T15:00:00+05:30,459.0,464.0,457.55,458.0,1169,0
2026-07-14T15:15:00+05:30,458.0,461.3,456.0,461.0,1173,0
2026-07-15T09:15:00+05:30,460.35,464.7,459.8,461.7,904,0
2026-07-15T09:30:00+05:30,461.85,465.0,458.65,462.6,1756,0
2026-07-15T09:45:00+05:30,462.8,465.2,460.1,465.2,1902,0
2026-07-15T10:00:00+05:30,465.2,465.2,462.5,463.6,826,0
2026-07-15T10:15:00+05:30,463.6,465.0,463.0,463.0,320,0
2026-07-15T10:30:00+05:30,463.0,463.75,462.65,462.65,13,0
2026-07-15T10:45:00+05:30,463.75,465.0,463.75,464.15,247,0
2026-07-15T11:00:00+05:30,464.15,464.3,463.55,463.55,184,0
2026-07-15T11:15:00+05:30,463.55,464.0,462.25,462.65,200,0
2026-07-15T11:30:00+05:30,462.7,462.7,462.65,462.65,2,0
2026-07-15T11:45:00+05:30,462.65,462.65,461.55,461.55,150,0
2026-07-15T12:00:00+05:30,461.6,461.95,460.1,461.95,600,0
2026-07-15T12:15:00+05:30,461.95,464.85,461.95,464.85,1000,0
2026-07-15T12:30:00+05:30,464.0,469.5,464.0,469.0,4578,0
2026-07-15T12:45:00+05:30,468.75,469.5,465.4,465.4,5028,0
2026-07-15T13:00:00+05:30,465.4,468.6,463.15,467.65,5859,0
2026-07-15T13:15:00+05:30,467.65,470.55,465.35,466.5,2790,0
2026-07-15T13:30:00+05:30,466.5,468.0,466.0,468.0,6068,0
2026-07-15T13:45:00+05:30,468.0,469.0,466.5,468.95,1355,0
2026-07-15T14:00:00+05:30,468.95,468.95,464.5,466.8,1010,0
2026-07-15T14:15:00+05:30,466.8,466.8,463.7,463.7,100,0
2026-07-15T14:30:00+05:30,463.7,463.8,463.7,463.8,30,0
2026-07-15T14:45:00+05:30,465.55,466.85,463.85,464.15,523,0
2026-07-15T15:00:00+05:30,464.15,464.15,461.2,461.5,476,0
2026-07-15T15:15:00+05:30,462.4,465.0,454.0,465.0,6373,0
2026-07-16T09:15:00+05:30,464.95,464.95,458.0,458.0,1626,0
2026-07-16T09:30:00+05:30,458.0,458.45,454.05,454.55,1440,0
2026-07-16T09:45:00+05:30,454.55,455.85,454.55,455.85,156,0
2026-07-16T10:00:00+05:30,455.85,457.05,455.3,457.05,52,0
2026-07-16T10:15:00+05:30,456.75,457.55,455.6,457.0,1064,0
2026-07-16T10:30:00+05:30,457.0,457.0,456.4,456.95,12,0
2026-07-16T10:45:00+05:30,456.95,457.25,456.65,457.0,14,0
2026-07-16T11:00:00+05:30,457.0,457.75,455.55,456.05,240,0
2026-07-16T11:15:00+05:30,456.05,456.9,456.05,456.9,23,0
2026-07-16T11:30:00+05:30,456.9,456.9,455.0,455.95,214,0
2026-07-16T11:45:00+05:30,455.95,455.95,454.5,455.8,190,0
2026-07-16T12:00:00+05:30,455.55,455.55,453.6,454.75,204,0
2026-07-16T12:15:00+05:30,454.75,454.75,453.45,453.5,291,0
2026-07-16T12:30:00+05:30,453.5,457.1,453.0,455.85,2954,0
2026-07-16T12:45:00+05:30,455.85,456.0,453.55,454.9,189,0
2026-07-16T13:00:00+05:30,454.9,464.0,454.5,461.0,4034,0
2026-07-16T13:15:00+05:30,461.0,464.0,452.0,458.0,6570,0
2026-07-16T13:30:00+05:30,458.0,458.0,455.0,455.0,559,0
2026-07-16T13:45:00+05:30,455.0,455.0,454.95,455.0,1025,0
2026-07-16T14:00:00+05:30,455.0,455.0,452.9,454.6,484,0
2026-07-16T14:15:00+05:30,454.6,455.7,453.4,453.55,335,0
2026-07-16T14:30:00+05:30,453.7,454.9,453.7,453.75,90,0
2026-07-16T14:45:00+05:30,453.75,453.75,453.5,453.65,234,0
2026-07-16T15:00:00+05:30,454.3,456.95,454.3,456.95,242,0
2026-07-16T15:15:00+05:30,456.0,456.9,452.1,452.15,1386,0
