Stock Name,Position entry date,Position Exit date,No of shares,Entry Price,Capital Deployed,Margin Used,Exit Price,Realised PnL,Realised PnL Pct,Total Charges,Net PnL,Net PnL Pct
CAPILLARY,2026-07-27,2026-07-28,56,535.4,29982.4,29982.4,515.7,-1103.2,-3.6795,80.4,-1183.6,-3.9476
DEEPINDS,2026-07-27,2026-07-28,57,517.9,29520.3,29520.3,535.2746,990.35,3.3548,81.62,908.73,3.0783
MONARCH,2026-07-27,2026-07-28,76,391.9,29784.4,29784.4,395.5,273.6,0.9186,81.42,192.18,0.6452
SESHAPAPER,2026-07-27,2026-07-28,125,238.777,29847.12,29847.12,235.1329,-455.51,-1.5262,80.79,-536.3,-1.7968
VRLLOG,2026-07-27,2026-07-28,114,262.6553,29942.7,29942.7,261.8239,-94.77,-0.3165,81.37,-176.14,-0.5883
ASHIKAG,2026-07-28,2026-07-29,76,488.1,37095.6,37095.6,492.5289,336.6,0.9074,,,
ASIANTILES,2026-07-28,2026-07-29,657,57.3382,37671.2,37671.2,60.62,2156.14,5.7236,101.74,2054.4,5.4535
INFOBEAN,2026-07-28,2026-07-29,223,168.4769,37570.35,37570.35,169.1462,149.26,0.3973,99.45,49.81,0.1326
APCOTEXIND,2026-07-29,2026-07-30,31,683.65,21193.15,21193.15,668.25,-477.4,-2.2526,61.82,-539.22,-2.5443
ARTEMISMED,2026-07-29,2026-07-30,72,296.9,21376.8,21376.8,301.1042,302.7,1.416,63.01,239.69,1.1213
ASIANTILES,2026-07-29,2026-07-30,347,61.59,21371.73,21371.73,61.0,-204.73,-0.9579,62.47,-267.2,-1.2502
DEEPINDS,2026-07-29,2026-07-30,39,543.6769,21203.4,21203.4,571.4,1081.2,5.0992,63.45,1017.75,4.7999
ORISSAMINE,2026-07-29,2026-07-30,5,4045.4,20227.0,20227.0,4050.12,23.6,0.1167,60.33,-36.73,-0.1816
SHK,2026-07-29,2026-07-30,131,162.6454,21306.55,21306.55,168.1477,720.8,3.383,63.29,657.51,3.086
TIL,2026-07-29,2026-07-30,83,259.0,21497.0,21497.0,254.21,-397.57,-1.8494,,,
63MOONS,2026-07-30,2026-07-31,44,845.4318,37199.0,37199.0,909.3,2810.2,7.5545,101.44,2708.76,7.2818
63MOONS,2026-07-31,2026-08-03,27,920.9981,24866.95,24866.95,941.8,561.65,2.2586,71.52,490.13,1.971
ESAFSFB,2026-07-31,2026-08-03,594,41.95,24918.3,24918.3,41.9,-29.7,-0.1192,,,
THEJO,2026-07-31,2026-08-03,11,2100.0,23100.0,23100.0,2110.0455,110.5,0.4784,66.38,44.12,0.191
VERANDA,2026-07-31,2026-08-03,96,259.22,24885.12,24885.12,254.6828,-435.57,-1.7503,70.52,-506.09,-2.0337
DALMIASUG,2026-08-03,2026-08-04,52,407.5,21190.0,21190.0,422.2,764.4,3.6074,63.1,701.3,3.3096
DEEPINDS,2026-08-03,2026-08-04,33,646.15,21322.95,21322.95,649.1379,98.6,0.4624,62.68,35.92,0.1685
JINDWORLD,2026-08-03,2026-08-04,528,40.52,21394.56,21394.56,39.12,-739.2,-3.4551,61.96,-801.16,-3.7447
LUMAXIND,2026-08-03,2026-08-04,3,5745.3333,17236.0,17236.0,5710.5,-104.5,-0.6063,53.99,-158.49,-0.9195
SPORTKING,2026-08-03,2026-08-04,94,228.19,21449.86,21449.86,228.58,36.66,0.1709,62.88,-26.22,-0.1222
CAPILLARY,2026-08-04,2026-08-05,93,537.7328,50009.15,15368.3,557.0672,1798.1,3.5955,225.42,1572.68,3.1448
EPACKPEB,2026-08-04,2026-08-05,193,258.6,49909.8,24945.25,264.4503,1129.1,2.2623,219.65,909.45,1.8222
KKCL,2026-08-04,2026-08-05,93,534.4527,49704.1,24868.2,554.5048,1864.85,3.7519,219.93,1644.92,3.3094
MAHASTEEL,2026-08-04,2026-08-05,23,1084.0,24932.0,24932.0,1085.4217,32.7,0.1312,,,
PAUSHAKLTD,2026-08-04,2026-08-05,67,735.75,49295.25,24647.62,726.5396,-617.1,-1.2518,216.44,-833.54,-1.6909
JGCHEM,2026-08-05,2026-08-06,137,546.2409,74835.0,26916.04,548.3938,294.95,0.3941,283.68,11.27,0.0151
UNIPARTS,2026-08-05,2026-08-06,93,805.4892,74910.5,24438.87,805.7898,27.95,0.0373,284.58,-256.63,-0.3426
BAJAJELEC,2026-08-06,2026-08-07,111,385.55,42796.05,12820.99,388.1,283.05,0.6614,205.02,78.03,0.1823
DECNGOLD,2026-08-06,2026-08-07,190,225.1953,42787.11,19254.6,228.9489,713.19,1.6668,202.87,510.32,1.1927
GMMPFAUDLR,2026-08-06,2026-08-07,43,978.7314,42085.45,12359.47,980.5,76.05,0.1807,203.23,-127.18,-0.3022
KOLTEPATIL,2026-08-06,2026-08-07,99,429.4303,42513.6,13178.29,431.7773,232.35,0.5465,204.12,28.23,0.0664
ROLEXRINGS,2026-08-06,2026-08-07,279,153.48,42820.92,14390.24,153.9539,132.23,0.3088,204.29,-72.06,-0.1683
SOTL,2026-08-06,2026-08-07,55,776.25,42693.75,15466.24,783.7027,409.9,0.9601,203.84,206.06,0.4826
STOVEKRAFT,2026-08-06,2026-08-07,53,798.9,42341.7,14986.57,805.6151,355.9,0.8405,203.1,152.8,0.3609
ARVSMART,2026-08-07,2026-08-10,92,651.1261,59903.6,19104.42,679.619,2621.35,4.3759,282.91,2338.44,3.9037
ELLEN,2026-08-07,2026-08-10,204,293.2,59812.8,21137.84,302.1953,1835.05,3.068,279.35,1555.7,2.6009
GOCLCORP,2026-08-07,2026-08-10,136,439.7,59799.2,21634.64,426.0838,-1851.8,-3.0967,274.89,-2126.69,-3.5564
WINDMACHIN,2026-08-07,2026-08-10,196,304.813,59743.35,29870.4,293.7582,-2166.75,-3.6268,264.5,-2431.25,-4.0695
GARUDA,2026-08-10,2026-08-11,128,194.0,24832.0,24832.0,194.315,40.32,0.1624,70.9,-30.58,-0.1231
JGCHEM,2026-08-10,2026-08-11,80,619.3,49544.0,17957.4,646.95,2212.0,4.4647,222.66,1989.34,4.0153
PIXTRANS,2026-08-10,2026-08-11,25,1972.0,49300.0,16130.96,2022.372,1259.3,2.5544,221.8,1037.5,2.1045
RAMCOIND,2026-08-10,2026-08-11,134,373.5836,50060.2,16871.52,382.15,1147.9,2.293,224.28,923.62,1.845
KOLTEPATIL,2026-08-11,2026-08-12,145,516.6731,74917.6,23770.29,493.3248,-3385.5,-4.519,281.33,-3666.83,-4.8945
ROLEXRINGS,2026-08-11,2026-08-12,425,177.4387,75411.45,25411.73,173.87,-1516.7,-2.0112,283.83,-1800.53,-2.3876
WINDLAS,2026-08-11,2026-08-12,79,941.6797,74392.7,24271.68,909.0335,-2579.05,-3.4668,280.67,-2859.72,-3.8441
DIVGIITTS,2026-08-12,,24,1228.55,29485.2,14763.6,,,,,,
DOLPHIN,2026-08-12,,30,499.3,14979.0,14979.0,,,,,,
GIPCL,2026-08-12,,172,174.17,29957.24,9760.64,,,,,,
JINDALPOLY,2026-08-12,,44,669.6,29462.4,14692.7,,,,,,
MANINDS,2026-08-12,,50,599.1,29955.0,11947.05,,,,,,
ORISSAMINE,2026-08-12,,6,4952.0,29712.0,10398.99,,,,,,
PITTIENG,2026-08-12,,28,1047.6,29332.8,9701.13,,,,,,
WSTCSTPAPR,2026-08-12,,48,619.35,29728.8,9564.29,,,,,,
